zh,profession,rarity,en,ja,id,sex,birth_place,team,logo,race,nation,group,hp,atk,def,res,re_deploy,cost,block,interval,position,tag,obtain_method,potential,trust,phy,flex,tolerance,plan,skill,adapt,sortid,subprofession,description
12F,术师,1,12F,12F,R303,男,不明,,罗德岛,萨弗拉,罗德岛,,1461,432,50,10,70s,24,1,2.9s,远程位,新手,"公开招募, 主线剧情","cost,atk,re_deploy,atk,cost`-1,12,-5,12,-1","0,50,0",普通,优良,普通,普通,普通,标准,7,扩散术师,攻击造成群体法术伤害
Castle-3,近卫,0,Castle-3,Castle-3,RCX3,男,,,罗德岛,,罗德岛,,1191,353,90,0,200s,3,1,1.5s,近战位,支援机械 支援,公开招募,`,"200,60,0",,,,,,,2,无畏者,能够阻挡一个敌人，且不受部署数量限制，但再部署时间极长
CONFESS-47,先锋,0,CONFESS-47,CONFESS-47,LT47,未知,,,拉特兰,,拉特兰,,770,192,154,0,200s,3,2,1.05s,近战位,支援机械 控场,"公开招募, 活动获得",`,"100,0,30",,,,,,,369,尖兵,能够阻挡两个敌人，且不受部署数量限制，但再部署时间极长
Friston-3,重装,0,Friston-3,Friston-3,RCX5,男,,,罗德岛,,罗德岛,,1152,198,235,0,200s,3,3,1.2s,近战位,支援机械 防护,"公开招募, 活动获得",`,"100,0,70",,,,,,,283,铁卫,能够阻挡三个敌人，且不受部署数量限制，但再部署时间极长
Lancet-2,医疗,0,Lancet-2,Lancet-2,RCX2,女,,,罗德岛,,罗德岛,,435,70,27,0,200s,3,1,2.85s,远程位,支援机械 治疗,"公开招募, 主线剧情",`,"100,40,0",,,,,,,1,医师,恢复友方单位生命，且不受部署数量限制，但再部署时间极长
Miss.Christine,术师,4,Miss.Christine,ミス・クリスティーン,MEOW,女士,未知,,维多利亚,未公开,维多利亚,,1324,575,117,15,80s,20→22,1,1.6s,远程位,元素 输出,活动获得,"cost,re_deploy,cost,,cost`-1,-10,-1,,-1","0,65,0",标准,标准,标准,标准,标准,缺陷,374,本源术师,攻击造成法术伤害，可以造成元素伤害
Mon3tr,医疗,5,Mon3tr,Mon3tr,R003,女,罗德岛,,罗德岛,未公开,罗德岛,,1735,528,221,0,70s,16→18,1,2.85s,远程位,治疗 输出 支援,标准寻访,"cost,,atk,cost,`-1,,25,-1,","500,30,0",■■,卓越,■■,标准,卓越,缺陷,368,链愈师,恢复友方单位生命，且会在3个友方单位间跳跃，每次跳跃治疗量降低25%
PhonoR-0,辅助,0,PhonoR-0,PhonoR-0,RCX6,女,,,罗德岛,,罗德岛,,395,205,30,5,200s,3,1,1.6s,远程位,支援机械 元素,"公开招募, 活动获得",`,"125,30,0",,,,,,,325,巫役,攻击造成法术伤害，可以造成元素损伤，且不受部署数量限制，但再部署时间极长
THRM-EX,特种,0,Thermal-EX,THRM-EX,RCX4,男,,,罗德岛,,罗德岛,,1443,260,443,50,200s,3,0,0.93s,近战位,支援机械 爆发,"公开招募, 主线剧情, 活动获得",`,"0,90,0",,,,,,,134,处决者,不进行攻击，且不受部署数量限制，但再部署时间极长
U-Official,辅助,0,U-Official,U-Official,U007,女,未公开,,罗德岛,札拉克,罗德岛,,385,102,28,0,200s,3,1,1.3s,远程位,控场,活动获得,`,"120,20,0",普通,缺陷,普通,缺陷,缺陷,普通,274,吟游者,不攻击，持续恢复范围内所有友军生命（每秒恢复相当于自身攻击力10%的生命），自身不受鼓舞影响，且不受部署数量限制，但再部署时间极长
W,狙击,5,W,W,B214,女,卡兹戴尔,,巴别塔,萨卡兹,,巴别塔,1605,912,133,0,70s,25→27→29,1,2.8s,远程位,输出 控场,限定寻访,"cost,re_deploy,atk,,cost`-1,-4,35,,-1","0,100,0",标准,标准,优良,卓越,优良,标准,137,炮手,攻击造成群体物理伤害
万顷,先锋,4,Wanqing,ワンチィン,YD13,男,炎,,炎,丰蹄,炎,,1516,514,380,0,80s,11→13,1,1.3s,近战位,费用回复 支援,活动获得,"cost,re_deploy,cost,,cost`-1,-10,-1,,-1","100,0,45",标准,标准,优良,普通,标准,优良,312,执旗手,技能发动期间阻挡数变为0
三角初华,辅助,4,Misumi Uika,,AM03,女,未知,Ave Mujica,Ave Mujica,未知,,,1410,309,253,0,70s,5→7,1,1.3s,远程位,支援 治疗,联动寻访,"cost,re_deploy,atk,,cost`-1,-4,20,,-1","0,70,0",标准,标准,标准,标准,标准,■■,387,吟游者,不攻击，持续恢复范围内所有友军生命（每秒相当于自身攻击力10%的生命），自身不受鼓舞影响
丰川祥子,近卫,5,Togawa Sakiko,,AM01,女,未知,Ave Mujica,Ave Mujica,未知,,,2056,725,425,10,70s,18→20,2,1.3s,近战位,输出,联动寻访,"cost,re_deploy,atk,,cost`-1,-4,26,,-1","300,60,0",普通,普通,普通,优良,标准,■■,388,领主,可以进行远程攻击，但此时攻击力降低至80%
临光,重装,4,Nearl,ニアール,FO02,女,卡西米尔,使徒,使徒,库兰塔,,,2780,462,575,10,70s,17→19→21,2→3→3,1.2s,近战位,防护 治疗,"公开招募, 中坚寻访","cost,re_deploy,def,,cost`-1,-4,25,,-1","0,40,50",优良,优良,优良,优良,优良,优良,60,守护者,技能可以治疗友方单位
乌尔比安,近卫,5,Ulpianus,ウルピアヌス,AA00,男,阿戈尔,,深海猎人,阿戈尔,阿戈尔,深海猎人,6022,1569,0,0,70s,20→22→24,2,2.5s,近战位,输出 生存,标准寻访,"cost,hp,atk,,cost`-1,250,45,,-1","500,80,0",卓越,优良,卓越,优良,卓越,缺陷,333,重剑手,同时攻击阻挡的所有敌人
乌有,特种,4,Mr.Nothing,ウユウ,YD11,男,炎,,炎,黎博利,炎,,2398,725,396,0,25s,6→8,1,1.0s,近战位,快速复活 输出,"公开招募, 中坚寻访","cost,re_deploy,atk,,cost`-1,-3,25,,-1","200,40,0",标准,标准,优良,普通,优良,标准,180,行商,再部署时间减少，撤退时不返还部署费用，在场时每3秒消耗3点部署费用（不足时自动撤退）
九色鹿,辅助,4,Nine-Colored Deer,九色鹿,YD09,女,炎,,炎,埃拉菲亚,炎,,1685,443,179,25,70s,9→11,1,1.6s,远程位,支援 生存,活动获得,`,"350,35,0",普通,普通,标准,优良,标准,标准,219,护佑者,攻击造成法术伤害，技能开启后改为治疗友方单位（治疗量相当于75%攻击力）
云迹,特种,3,Contrail,コントレイル,CB33,女,哥伦比亚,,哥伦比亚,札拉克,哥伦比亚,,2255,692,393,0,70s,14→16,2,1.5s,近战位,高空 控场,凭证交易所(采购),"cost,re_deploy,atk,,cost`-1,-4,25,,-1","0,35,35",普通,优良,标准,普通,普通,标准,348,巡空者,起飞后能够阻挡2个飞行敌人
亚叶,医疗,4,Folinic,フォリニック,R133,女,乌萨斯,,罗德岛,菲林,罗德岛,,1585,479,133,0,80s,19→21,1,2.85s,远程位,治疗 输出,"活动获得, 记录修复奖励","cost,re_deploy,cost,,cost`-1,-10,-1,,-1","200,50,0",普通,标准,标准,标准,标准,优良,145,医师,恢复友方单位生命
仇白,近卫,5,Qiubai,チューバイ,YD20,女,炎,,炎,埃拉菲亚,炎,,2480,718,402,10,70s,18→20,2,1.3s,近战位,输出 控场,标准寻访,"cost,,atk,,cost`-1,,26,,-1","0,50,50",优良,优良,优良,标准,卓越,标准,270,领主,可以进行远程攻击，但此时攻击力降低至80%
令,辅助,5,Ling,リィン,NM03,女,炎,,炎-岁,未公开,炎,炎-岁,1079,473,138,20,70s,10→12,1,1.6s,远程位,召唤 支援 控场,限定寻访,"cost,re_deploy,atk,,cost`-1,-4,24,,-1","350,35,0",标准,普通,标准,优良,普通,缺陷,223,召唤师,攻击造成法术伤害可以使用召唤物协助作战
伊内丝,先锋,5,Ines,イネス,B215,女,卡兹戴尔,,巴别塔,未公开,,巴别塔,2121,589,281,0,35s,9→11,1,1.0s,近战位,费用回复 快速复活,标准寻访,"cost,re_deploy,interval,,cost`-1,-4,8,,-1","0,50,30",标准,优良,优良,标准,标准,优良,278,情报官,再部署时间减少，可使用远程攻击
伊桑,特种,3,Ethan,イーサン,R130,男,未公开,,罗德岛,萨弗拉,罗德岛,,1530,742,337,30,70s,17→19,0,3.5s,近战位,输出 控场,凭证交易所(采购),"cost,re_deploy,hp,re_deploy,cost`-1,-4,150,-6,-1","450,0,0",普通,标准,普通,标准,标准,优良,107,伏击客,对攻击范围内所有敌人造成伤害拥有50%的物理和法术闪避且不容易成为敌人的攻击目标
伊芙利特,术师,5,Ifrit,イフリータ,RL03,女,未公开,,莱茵生命,萨卡兹,哥伦比亚,莱茵生命,1680,870,130,20,70s,31→34,1,2.9s,远程位,群攻 削弱,"公开招募, 中坚寻访","cost,,atk,cost,`-1,,35,-1,","0,110,0",普通,标准,普通,缺陷,普通,卓越,75,轰击术师,攻击造成超远距离的群体法术伤害
休谟斯,近卫,3,Humus,ヒューマス,R171,男,哥伦比亚,,罗德岛,丰蹄,罗德岛,,2150,616,403,0,70s,18→19→21,1→2→2,1.3s,近战位,输出 生存,"标准寻访, 中坚寻访","cost,re_deploy,atk,,cost`-1,-4,35,,-1","0,30,30",标准,标准,优良,普通,标准,标准,275,收割者,无法被友方角色治疗，攻击造成群体伤害，每攻击到一个敌人回复自身50生命，最大生效数等于阻挡数
伺夜,先锋,5,Vigil,ヴィジェル,SR36,男,叙拉古,,叙拉古,鲁珀,叙拉古,,1755,462,154,0,70s,15→17,1,1.0s,远程位,费用回复 控场,"活动获得, 记录修复奖励","cost,re_deploy,cost,,cost`-1,-10,-1,,-1","0,80,0",标准,标准,标准,优良,优良,标准,259,战术家,可以在攻击范围内选择一次战术点来召唤援军，自身攻击援军阻挡的敌人时攻击力提升至150%
但书,辅助,4,Proviso,プロヴァイゾ,KZ10,女,卡西米尔,,卡西米尔,库兰塔,卡西米尔,,1298,513,102,20,70s,13→15,1,1.9s,远程位,削弱 减速,标准寻访,"cost,re_deploy,atk,,cost`-1,-4,23,,-1","0,65,0",普通,标准,普通,标准,普通,普通,248,凝滞师,攻击造成法术伤害，并对敌人造成短暂的停顿
余,重装,5,Yu,ユー,NM06,男,炎,,炎-岁,未公开,炎,炎-岁,3333,685,577,10,70s,22→24→26,3,1.6s,近战位,元素 防护,限定寻访,"cost,,hp,,cost`-1,,270,,-1","300,30,30",标准,优良,标准,普通,普通,缺陷,360,本源铁卫,能够阻挡三个敌人，可以造成元素损伤
佩佩,近卫,5,Pepe,ペペ,SG14,女,萨尔贡,,萨尔贡,菲林,萨尔贡,,2851,1290,387,0,70s,18→20,2,1.8s,近战位,输出 控场,限定寻访,"cost,,atk,,cost`-1,,35,,-1","0,70,45",标准,普通,标准,优良,优良,标准,340,撼地者,攻击使目标周围的其他敌人受到相当于攻击力50%的群体物理伤害
信仰搅拌机,重装,5,Sankta Miksaparato,サンクタ・ミキサー,LT32,男,拉特兰,,拉特兰,萨科塔,拉特兰,,3677,504,703,0,80s,21→23→25,3,1.2s,近战位,防护 输出 支援,活动获得,"cost,re_deploy,cost,,cost`-1,-10,-1,,-1","0,60,60",优良,标准,标准,优良,卓越,标准,371,哨戒铁卫,能够阻挡三个敌人，可以进行远程攻击
假日威龙陈,狙击,5,Ch'en the Holungday,遊龍チェン,R112,女,龙门,,罗德岛,龙,罗德岛,,2501,773,203,0,70s,29→32,1,2.3s,远程位,输出 群攻,限定寻访,"cost,re_deploy,atk,,cost`-1,-4,33,,-1","0,80,0",优良,标准,优良,优良,优良,标准,202,散射手,攻击范围内的所有敌人，对自己前方一横排的敌人攻击力提升至150%
傀影,特种,5,Phantom,ファントム,R109,男,维多利亚,,维多利亚,菲林,维多利亚,,1645,558,322,0,18s,8→10,1,0.93s,近战位,快速复活 控场 输出,"公开招募, 中坚寻访","cost,atk,re_deploy,hp,cost`-1,22,-2,130,-1","0,90,0",标准,卓越,标准,优良,优良,标准,133,处决者,再部署时间大幅度减少
克洛丝,狙击,2,Kroos,クルース,PA12,女,雷姆必拓,行动预备组A1,行动预备组A1,卡特斯,罗德岛,,1060,375,126,0,70s,9→11,1,1.0s,远程位,输出,"公开招募, 标准寻访, 中坚寻访, 主线剧情","cost,re_deploy,atk,,cost`-1,-4,21,,-1","0,50,0",普通,标准,普通,标准,优良,标准,14,速射手,优先攻击空中单位
八幡海铃,特种,4,Yahata Umiri,,AM02,女,未知,Ave Mujica,Ave Mujica,未知,,,1729,809,331,30,80s,20→22,0,3.5s,近战位,输出 控场,活动获得,"cost,re_deploy,cost,,cost`-1,-10,-1,,-1","200,30,30",普通,普通,标准,普通,普通,■■,385,伏击客,对攻击范围内所有敌人造成伤害拥有50%的物理和法术闪避且不容易成为敌人的攻击目标
冬时,先锋,3,Снегyрочка,,US38,女,乌萨斯,,乌萨斯,黎博利,乌萨斯,,1645,537,230,0,35s,7→9,1,1.0s,近战位,费用回复 快速复活,标准寻访,"cost,re_deploy,interval,,cost`-1,-4,5,,-1","100,0,40",缺陷,普通,标准,普通,普通,标准,389,情报官,再部署时间减少，可使用远程攻击
冰酿,狙击,4,Coldshot,コールドショット,CB28,女,哥伦比亚,,哥伦比亚,埃拉菲亚,哥伦比亚,,1855,958,224,0,80s,17→19→21,1,1.6s,远程位,输出,"活动获得, 记录修复奖励","cost,re_deploy,cost,,cost`-1,-10,-1,,-1","0,105,0",标准,标准,标准,标准,标准,标准,294,猎手,攻击时需要消耗子弹且攻击力提升至120%，不攻击时会缓慢地装填子弹（最多8发）
凛冬,先锋,4,Зима,ズィマー,USS1,女,乌萨斯,乌萨斯学生自治团,乌萨斯学生自治团,乌萨斯,乌萨斯,,2150,470,350,0,70s,11→13,2,1.05s,近战位,费用回复 支援,"公开招募, 中坚寻访","cost,re_deploy,def,re_deploy,cost`-1,-4,24,-6,-1","0,0,70",优良,标准,优良,普通,标准,普通,46,尖兵,能够阻挡两个敌人
凛御银灰,先锋,5,SilverAsh the Reignfrost,,KJ01,男,谢拉格,,谢拉格,菲林,谢拉格,,2218,618,397,15,70s,11→13,2,1.2s,近战位,费用回复 支援,限定寻访,"cost,def,hp,,cost`-1,25,180,,-1","100,35,40",标准,标准,标准,卓越,优良,标准,397,策士,能够阻挡两个敌人，可以支援待部署区的我方单位
凛视,辅助,4,Valarqvin,ヴァラルクビン,SI06,女,萨米,,萨米,萨卡兹,萨米,,1097,447,101,15,70s,13→15,1,1.6s,远程位,元素,活动获得,"cost,re_deploy,cost,,cost`-1,-10,-1,,-1","250,30,0",标准,普通,标准,优良,标准,优良,289,巫役,攻击造成法术伤害，可以造成元素损伤
凯尔希,医疗,5,Kal'tsit,ケルシー,B003,女,罗德岛,,罗德岛,菲林,罗德岛,,1633,490,215,0,70s,18→20,1,2.85s,远程位,召唤 治疗,"公开招募, 中坚寻访","cost,re_deploy,atk,,cost`-1,-4,25,,-1","400,0,40",普通,普通,普通,■■,普通,标准,192,医师,恢复友方单位生命
凯瑟琳,辅助,4,Catherine,キャサリン,VC20,女,维多利亚,,维多利亚,菲林,维多利亚,,2680,550,420,0,80s,16→18→20,2,1.5s,近战位,防护 支援,活动获得,"cost,re_deploy,cost,,cost`-1,-10,-1,,-1","0,40,40",普通,普通,普通,优良,普通,标准,345,工匠,能够阻挡两个敌人，使用<支援装置>协助作战
初雪,辅助,4,Pramanix,プラマニクス,JC05,女,谢拉格,,喀兰贸易,菲林,谢拉格,喀兰贸易,1605,430,102,25,70s,10→12,1,1.6s,远程位,削弱,"公开招募, 中坚寻访","cost,re_deploy,res,,cost`-1,-4,8,,-1","0,65,0",普通,普通,标准,优良,标准,卓越,68,削弱者,攻击造成法术伤害
刺玫,医疗,4,Vendela,ヴァンデラ,VC24,女,维多利亚,,维多利亚,菲林,维多利亚,,1370,550,100,20,70s,15→17,1,1.6s,远程位,治疗,标准寻访,"cost,re_deploy,atk,,cost`-1,-4,22,,-1","180,30,0",缺陷,普通,标准,标准,普通,标准,299,咒愈师,攻击造成法术伤害，攻击敌人时为攻击范围内一名友方干员治疗相当于50%伤害的生命值
刻俄柏,术师,5,Ceobe,ケオベ,R155,女,玻利瓦尔,,罗德岛,佩洛,罗德岛,,1565,667,128,20,70s,19→21,1,1.6s,远程位,输出 控场,"公开招募, 中坚寻访","cost,re_deploy,atk,,cost`-1,-4,27,,-1","0,90,0",标准,优良,卓越,普通,标准,优良,123,中坚术师,攻击造成法术伤害
刻刀,近卫,3,Cutter,カッター,R144,女,哥伦比亚,,哥伦比亚,沃尔珀,哥伦比亚,,2320,571,325,0,70s,17→19→21,2,1.3s,近战位,爆发 输出,"公开招募, 标准寻访, 中坚寻访","cost,re_deploy,atk,,cost`-1,-4,21,,-1","0,70,0",标准,标准,普通,普通,优良,标准,130,剑豪,普通攻击连续造成两次伤害
医生,近卫,4,Doc,Doc,RS06,男,未知,彩虹小队,彩虹小队,未知,,,2217,657,360,0,70s,14→16,2,1.05s,近战位,治疗 支援,联动寻访,"cost,re_deploy,hp,,cost`-1,-4,200,,-1","150,0,40",标准,普通,普通,优良,优良,■■,319,教官,可以攻击到较远敌人，攻击自身未阻挡的敌人时攻击力提升至120%
华法琳,医疗,4,Warfarin,ワルファリン,R106,女,卡兹戴尔,,罗德岛,萨卡兹,罗德岛,,1520,505,125,0,70s,17→19,1,2.85s,远程位,治疗 支援,"公开招募, 中坚寻访","cost,re_deploy,atk,re_deploy,cost`-1,-4,27,-6,-1","0,75,0",标准,标准,标准,优良,标准,优良,59,医师,恢复友方单位生命
协律,术师,3,Akkord,,LN22,女,莱塔尼亚,,莱塔尼亚,卡普里尼,莱塔尼亚,,1528,680,110,20,70s,29→32,1,2.9s,远程位,群攻 输出,凭证交易所(采购),"cost,re_deploy,atk,,cost`-1,-4,32,,-1","0,60,0",普通,普通,普通,普通,普通,标准,392,轰击术师,攻击造成超远距离的群体法术伤害
卡夫卡,特种,4,Kafka,カフカ,CB06,女,哥伦比亚,,哥伦比亚,黎博利,哥伦比亚,,1675,525,311,0,18s,7→9,1,0.93s,近战位,快速复活 控场,"公开招募, 中坚寻访","cost,hp,re_deploy,,cost`-1,150,-2,,-1","350,0,0",标准,优良,普通,标准,标准,标准,173,处决者,再部署时间大幅度减少
卡涅利安,术师,5,Carnelian,カーネリアン,LN04,女,萨尔贡,,莱塔尼亚,卡普里尼,莱塔尼亚,,2106,846,228,15,70s,22→24,1,2.0s,远程位,群攻 防护,中坚寻访,"cost,re_deploy,atk,,cost`-1,-4,34,,-1","0,80,30",普通,普通,优良,标准,标准,优良,197,阵法术师,通常时不攻击且防御力和法术抗性大幅度提升，技能开启时攻击造成群体法术伤害
卡缇,重装,2,Cardigan,カーディ,PA45,女,莱塔尼亚,行动预备组A4,行动预备组A4,佩洛,罗德岛,,2130,305,475,0,70s,16→18,3,1.2s,近战位,防护,"标准寻访, 中坚寻访","cost,re_deploy,hp,re_deploy,cost`-1,-4,200,-6,-1","300,0,0",普通,优良,标准,普通,普通,普通,12,铁卫,能够阻挡三个敌人
卡达,术师,3,Click,カシャ,R140,女,未公开,,罗德岛,札拉克,罗德岛,,1440,315,120,20,70s,18→20,1,1.3s,远程位,输出 控场,"公开招募, 标准寻访, 中坚寻访","cost,re_deploy,interval,re_deploy,cost`-1,-4,6,-6,-1","0,60,0",普通,标准,标准,普通,普通,标准,144,驭械术师,操作浮游单元造成法术伤害单元攻击同一敌人伤害提升（最高造成干员110%攻击力的伤害）
历阵锐枪芬,先锋,4,Fang the Fire-sharpened,歴陣鋭槍フェン,RF04,女,卡西米尔,,罗德岛,库兰塔,罗德岛,,2226,570,360,0,70s,10→12,1,1.0s,近战位,费用回复 输出,标准寻访,"cost,re_deploy,atk,re_deploy,cost`-1,-4,25,-6,-1","0,70,0",标准,优良,标准,优良,标准,标准,326,冲锋手,击杀敌人后获得1点部署费用，撤退时返还初始部署费用
双月,特种,4,Iana,Iana,RS07,女,未知,彩虹小队,彩虹小队,未知,,,2436,708,291,0,70s,13→15,2,1.2s,近战位,削弱 快速复活,联动寻访,"cost,re_deploy,atk,,cost`-1,-4,27,,-1","0,50,30",普通,优良,普通,优良,优良,■■,318,傀儡师,受到致命伤时不撤退，切换成<替身>作战（替身阻挡数为0），持续20s后自身再次替换<替身>
古米,重装,3,Гум,グム,USS3,女,乌萨斯,乌萨斯学生自治团,乌萨斯学生自治团,乌萨斯,乌萨斯,,2550,435,562,10,70s,16→18→20,2→3→3,1.2s,近战位,防护 治疗,"公开招募, 标准寻访, 中坚寻访","cost,re_deploy,atk,,cost`-1,-4,21,,-1","400,0,0",优良,普通,优良,普通,普通,普通,41,守护者,技能可以治疗友方单位
可颂,重装,4,Croissant,クロワッサン,PL04,女,米诺斯,,企鹅物流,丰蹄,炎-龙门,企鹅物流,3520,380,710,0,70s,18→20→22,3,1.2s,近战位,防护 位移,"公开招募, 中坚寻访","cost,re_deploy,def,,cost`-1,-4,26,,-1","150,0,60",优良,普通,标准,标准,标准,普通,63,铁卫,能够阻挡三个敌人
史尔特尔,近卫,5,Surtr,スルト,R111,女,不明,,罗德岛,萨卡兹,罗德岛,,2916,672,414,15,70s,19→21,1,1.25s,近战位,输出,"公开招募, 中坚寻访","cost,,atk,,cost`-1,,28,,-1","0,100,0",普通,普通,普通,优良,普通,缺陷,161,术战者,攻击造成法术伤害
史都华德,术师,2,Steward,スチュワード,PA42,男,谢拉格,行动预备组A4,行动预备组A4,沃尔珀,罗德岛,,1100,470,90,15,70s,16→18,1,1.6s,远程位,输出,"公开招募, 标准寻访, 中坚寻访","cost,re_deploy,atk,re_deploy,cost`-1,-4,23,-6,-1","0,50,0",普通,标准,普通,普通,标准,标准,19,中坚术师,攻击造成法术伤害
号角,重装,5,Horn,ホルン,VC16,女,维多利亚,,维多利亚,鲁珀,维多利亚,,3067,936,620,0,70s,24→26→28,2→3→3,2.8s,近战位,输出 防护,标准寻访,"cost,,atk,,cost`-1,,30,,-1","300,70,0",优良,标准,优良,优良,优良,标准,232,要塞,不阻挡敌人时优先远程群体物理攻击
司霆惊蛰,近卫,5,Leizi the Thunderbringer,,YD25,女,炎,,炎,麒麟,炎,,3863,360,491,15,70s,10→12,2→2→3,1.2s,近战位,输出 爆发,标准寻访,"cost,,atk,,cost`-1,,29,,-1","360,30,0",标准,优良,标准,优良,优良,卓越,378,解放者,通常不攻击且阻挡数为0，技能未开启时40秒内攻击力逐渐提升至最高+200%且技能结束时重置攻击力
吉星,狙击,4,Kichisei,,HK16,女,东国,,东,佩洛,东,,2310,727,190,0,70s,28→31,1,2.3s,远程位,群攻,标准寻访,"cost,re_deploy,atk,,cost`-1,-4,31,,-1","0,65,0",普通,标准,标准,标准,普通,标准,381,散射手,攻击范围内的所有敌人，对自己前方一横排的敌人攻击力提升至150%
吽,重装,4,Hung,ウン,LM19,男,龙门,鲤氏侦探事务所,鲤氏侦探事务所,佩洛,炎-龙门,,2823,442,585,10,70s,17→19→21,2→3→3,1.2s,近战位,防护 治疗,"公开招募, 中坚寻访","cost,re_deploy,def,,cost`-1,-4,25,,-1","200,0,60",标准,标准,优良,普通,标准,普通,119,守护者,技能可以治疗友方单位
和弦,术师,4,Harmonie,ハーモニー,DB03,女,维多利亚,,塔拉,菲林,维多利亚,塔拉,1546,1245,125,20,70s,22→24,1,3.0s,远程位,输出,标准寻访,"cost,re_deploy,atk,,cost`-1,-4,45,,-1","0,130,0",标准,普通,标准,优良,标准,优良,263,秘术师,攻击造成法术伤害，在找不到攻击目标时可以将攻击能量储存起来之后一齐发射（最多3个）
哈洛德,医疗,4,Harold,ハロルド,VC27,男,维多利亚,,维多利亚,菲林,维多利亚,,1400,385,100,10,80s,15→17,1,2.85s,远程位,治疗,活动获得,"cost,re_deploy,cost,,cost`-1,-10,-1,,-1","150,35,0",标准,标准,优良,优良,优良,优良,307,行医,恢复友方单位生命，并回复相当于攻击力50%的元素损伤（可以回复未受伤友方单位的元素损伤）
哈蒂娅,近卫,4,Hadiya,,SG28,女,哥伦比亚,,萨尔贡,卡普里尼,萨尔贡,,2895,530,393,10,70s,8→10,2,1.25s,近战位,输出 控场,凭证交易所(采购),"cost,re_deploy,atk,,cost`-1,-4,30,,-1","0,55,0",标准,标准,优良,标准,标准,普通,393,佣兵,可消耗部署费用来强化作战能力
嘉维尔,医疗,3,Gavial,ガヴィル,IU07,女,未公开,,罗德岛,阿达克利斯,罗德岛,,1580,450,152,0,70s,16→18,1,2.85s,远程位,治疗,信用交易所,"cost,re_deploy,atk,,cost`-1,-4,23,,-1","0,30,30",优良,标准,优良,标准,优良,标准,37,医师,恢复友方单位生命
四月,狙击,4,April,エイプリル,RB07,女,雷姆必拓,,雷姆必拓,卡特斯,雷姆必拓,,1280,528,160,0,70s,11→13,1,1.0s,远程位,输出,"公开招募, 中坚寻访","cost,re_deploy,atk,re_deploy,cost`-1,-4,23,-6,-1","0,75,0",标准,标准,标准,标准,标准,标准,160,速射手,优先攻击空中单位
因陀罗,近卫,4,Indra,インドラ,GG03,女,不明,,格拉斯哥帮,菲林,维多利亚,格拉斯哥帮,2565,530,350,0,70s,8→10,1,0.78s,近战位,输出 生存,公开招募,"cost,re_deploy,atk,,cost`-1,-4,23,,-1","0,75,0",优良,标准,标准,普通,优良,普通,49,斗士,能够阻挡一个敌人
图耶,医疗,4,Tuye,トゥイエ,SG08,女,萨尔贡,,萨尔贡,丰蹄,萨尔贡,,1550,493,135,0,80s,19→21,1,2.85s,远程位,治疗,"活动获得, 凭证交易所(高级/通用)","cost,re_deploy,cost,,cost`-1,-10,-1,,-1","0,75,0",普通,优良,普通,优良,普通,普通,178,医师,恢复友方单位生命
圣约送葬人,近卫,5,Executor the Ex Foedere,聖約イグゼキュター,LT40,男,拉特兰,,拉特兰,萨科塔,拉特兰,,2491,707,461,0,70s,20→21→23,1→2→2,1.3s,近战位,输出,标准寻访,"cost,def,atk,,cost`-1,22,26,,-1","0,70,30",优良,标准,标准,优良,优良,标准,286,收割者,无法被友方角色治疗，攻击造成群体伤害，每攻击到一个敌人回复自身50生命，最大生效数等于阻挡数
圣聆初雪,术师,5,Pramanix the Prerita,,KJ02,女,谢拉格,,谢拉格,菲林,谢拉格,,2058,836,265,15,70s,22→24,1,2.0s,远程位,群攻 控场,标准寻访,"cost,,atk,,cost`-1,,34,,-1","0,80,30",普通,普通,标准,优良,标准,卓越,396,阵法术师,通常时不攻击且防御力和法术抗性大幅度提升，技能开启时攻击造成群体法术伤害
地灵,辅助,3,Earthspirit,アーススピリット,LN01,女,莱塔尼亚,,莱塔尼亚,卡普里尼,莱塔尼亚,,1205,480,101,20,70s,12→14,1,1.9s,远程位,减速,"公开招募, 标准寻访, 中坚寻访","cost,re_deploy,atk,,cost`-1,-4,21,,-1","0,50,0",普通,标准,普通,标准,标准,优良,43,凝滞师,攻击造成法术伤害，并对敌人造成短暂的停顿
坚雷,重装,3,Dur-nar,ジュナー,R124,女,哥伦比亚,,罗德岛,沃尔珀,罗德岛,,3007,583,548,15,70s,20→22→24,3,1.6s,近战位,防护 输出,信用交易所,"cost,re_deploy,atk,def,cost`-1,-4,23,20,-1","0,65,0",优良,标准,标准,普通,优良,普通,102,驭法铁卫,技能开启时普通攻击会造成法术伤害
埃拉托,狙击,4,Erato,エラト,MN07,女,米诺斯,,米诺斯,黎博利,米诺斯,,1648,957,125,0,70s,21→23,1,2.4s,远程位,输出 控场,"活动获得, 凭证交易所(高级/通用)","cost,re_deploy,atk,re_deploy,cost`-1,-4,34,-6,-1","150,70,0",标准,优良,标准,普通,标准,优良,237,攻城手,优先攻击重量最重的敌人
塑心,辅助,5,Virtuosa,ヴィルトゥオーサ,LT22,女,拉特兰,,拉特兰,萨科塔,拉特兰,,1201,485,109,15,70s,14→16,1,1.6s,远程位,元素 支援,限定寻访,"cost,re_deploy,atk,,cost`-1,-6,23,,-1","300,40,0",标准,标准,标准,标准,优良,卓越,306,巫役,攻击造成法术伤害，可以造成元素损伤
塞雷娅,重装,5,Saria,サリア,RL02,女,哥伦比亚,,莱茵生命,瓦伊凡,哥伦比亚,莱茵生命,3150,485,595,10,70s,18→20→22,2→3→3,1.2s,近战位,防护 治疗 支援,"公开招募, 中坚寻访","cost,re_deploy,def,,cost`-1,-4,27,,-1","0,50,60",优良,普通,优良,优良,优良,卓越,81,守护者,技能可以治疗友方单位
夏栎,辅助,4,Quercus,クエルクス,R121,女,维多利亚,,罗德岛,菲林,罗德岛,,1680,463,172,25,70s,10→12,1,1.6s,远程位,支援 生存,标准寻访,"cost,re_deploy,hp,,cost`-1,-4,160,,-1","400,0,30",标准,标准,标准,优良,标准,优良,224,护佑者,攻击造成法术伤害，技能开启后改为治疗友方单位（治疗量相当于75%攻击力）
夕,术师,5,Dusk,シー,NM02,女,炎,,炎-岁,未公开,炎,炎-岁,1801,918,127,20,70s,31→34,1,2.9s,远程位,群攻 输出 控场,限定寻访,"cost,re_deploy,atk,,cost`-1,-4,34,,-1","0,110,0",普通,普通,普通,标准,普通,缺陷,182,扩散术师,攻击造成群体法术伤害
多萝西,特种,5,Dorothy,ドロシー,RL07,女,哥伦比亚,,莱茵生命,札拉克,哥伦比亚,莱茵生命,1502,581,172,0,70s,10→12,1,0.85s,远程位,召唤 控场,标准寻访,"cost,,atk,,cost`-1,,27,,-1","0,80,0",普通,普通,标准,标准,普通,优良,243,陷阱师,可以使用陷阱来协助作战，但陷阱无法放置于敌人已在的格子中
夜刀,先锋,1,Yato,ヤトウ,A41,女,东国,行动组A4,行动组A4,鬼,罗德岛,,1030,232,192,0,70s,7,2,1.05s,近战位,新手,公开招募,"cost,re_deploy,atk,atk,cost`-1,-5,9,9,-1","0,30,0",标准,优良,标准,标准,标准,标准,3,尖兵,能够阻挡两个敌人
夜半,先锋,4,Blacknight,ブラックナイト,RB12,女,雷姆必拓,,雷姆必拓,萨弗拉,雷姆必拓,,1625,442,133,0,70s,12→14,1,1.0s,远程位,费用回复 控场,标准寻访,"cost,re_deploy,interval,re_deploy,cost`-1,-4,8,-6,-1","0,60,0",普通,标准,普通,优良,标准,标准,221,战术家,可以在攻击范围内选择一次战术点来召唤援军，自身攻击援军阻挡的敌人时攻击力提升至150%
夜烟,术师,3,Haze,ヘイズ,VC02,女,维多利亚,,维多利亚,菲林,维多利亚,,1420,583,110,20,70s,17→19,1,1.6s,远程位,输出 削弱,"公开招募, 标准寻访, 中坚寻访","cost,re_deploy,hp,,cost`-1,-4,100,,-1","0,60,0",普通,普通,普通,优良,普通,优良,21,中坚术师,攻击造成法术伤害
夜莺,医疗,5,Nightingale,ナイチンゲール,FO03,女,卡兹戴尔,使徒,使徒,萨卡兹,,,1705,350,169,5,70s,16→18,1,2.85s,远程位,治疗 支援,"公开招募, 中坚寻访","cost,re_deploy,res,,cost`-1,-4,10,,-1","0,70,0",缺陷,缺陷,缺陷,普通,普通,卓越,79,群愈师,同时恢复三个友方单位的生命
夜魔,术师,4,Nightmare,ナイトメア,VC03,女,维多利亚,,维多利亚,菲林,维多利亚,,1510,622,120,20,70s,18→20,1,1.6s,远程位,输出 治疗 减速,"公开招募, 中坚寻访","cost,re_deploy,atk,,cost`-1,-4,26,,-1","0,70,0",普通,标准,普通,普通,标准,优良,87,中坚术师,攻击造成法术伤害
天火,术师,4,Skyfire,スカイフレア,SK01,女,维多利亚,,维多利亚,菲林,维多利亚,,1620,784,122,20,70s,30→33,1,2.9s,远程位,群攻 控场,中坚寻访,"cost,re_deploy,atk,,cost`-1,-4,33,,-1","0,90,0",普通,普通,普通,标准,普通,卓越,56,扩散术师,攻击造成群体法术伤害
奥斯塔,狙击,4,Aosta,アオスタ,SR28,男,叙拉古,贾维团伙,贾维团伙,鲁珀,叙拉古,,2376,691,192,0,70s,28→31,1,2.3s,远程位,群攻,"公开招募, 中坚寻访","cost,re_deploy,atk,,cost`-1,-4,26,,-1","0,65,0",标准,标准,标准,优良,标准,标准,164,散射手,攻击范围内的所有敌人，对自己前方一横排的敌人攻击力提升至150%
奥达,近卫,4,Odda,オッダ,R167,男,卡兹戴尔,,罗德岛,萨卡兹,罗德岛,,2593,1190,337,0,80s,19→21,2,1.8s,近战位,群攻 控场,活动获得,"cost,re_deploy,cost,,cost`-1,-10,-1,,-1","0,70,30",普通,普通,优良,普通,标准,标准,322,撼地者,攻击使目标周围的其他敌人受到相当于攻击力50%的群体物理伤害
妮芙,术师,5,Nymph,ニンフ,R182,女,卡兹戴尔,,罗德岛,萨卡兹,罗德岛,,1650,655,129,15,70s,19→21,1,1.6s,远程位,元素 输出 控场,标准寻访,"cost,re_deploy,atk,,cost`-1,-4,27,,-1","0,90,0",普通,标准,标准,普通,普通,优良,335,本源术师,攻击造成法术伤害，可以造成元素伤害
娜仁图亚,狙击,5,Narantuya,ナラントゥヤ,SG17,女,萨尔贡,,萨尔贡,库兰塔,萨尔贡,,2500,675,170,0,70s,14→16,1,1.0s,远程位,输出,标准寻访,"cost,,atk,,cost`-1,,27,,-1","0,90,0",优良,优良,优良,标准,标准,优良,339,回环射手,持有回旋投射物时才能够攻击（投射物需要时间回收）
子月,狙击,4,Lunacub,ルナカブ,SR37,女,叙拉古,,叙拉古,鲁珀,叙拉古,,1536,1034,155,0,70s,19→21,1,2.7s,远程位,输出 生存,标准寻访,"cost,re_deploy,atk,re_deploy,cost`-1,-4,35,-6,-1","300,40,0",标准,卓越,普通,优良,标准,标准,258,神射手,优先攻击攻击范围内防御力最低的敌方单位
孑,特种,3,Jaye,ジェイ,LM14,男,龙门,,炎-龙门,乌萨斯,炎-龙门,,2284,674,378,0,25s,5→7,1,1.0s,近战位,快速复活 输出,"公开招募, 标准寻访, 中坚寻访","cost,re_deploy,atk,,cost`-1,-3,23,,-1","200,40,0",标准,标准,标准,标准,优良,标准,151,行商,再部署时间减少，撤退时不返还部署费用，在场时每3秒消耗3点部署费用（不足时自动撤退）
守林人,狙击,4,Firewatch,ファイヤーウォッチ,ST01,女,未公开,,罗德岛,埃拉菲亚,罗德岛,,1450,1085,131,0,70s,19→21,1,2.7s,远程位,输出 爆发,"公开招募, 中坚寻访","cost,re_deploy,atk,,cost`-1,-4,35,,-1","0,90,0",普通,标准,普通,标准,优良,普通,66,神射手,优先攻击攻击范围内防御力最低的敌方单位
安哲拉,狙击,4,Andreana,アンドレアナ,II04,女,伊比利亚,,深海猎人,阿戈尔,阿戈尔,深海猎人,1498,1070,128,0,70s,19→21,1,2.7s,远程位,输出 减速,"公开招募, 中坚寻访","cost,re_deploy,atk,,cost`-1,-4,35,,-1","300,40,0",标准,优良,优良,标准,优良,缺陷,152,神射手,优先攻击攻击范围内防御力最低的敌方单位
安德切尔,狙击,2,Adnachiel,アドナキエル,PA44,男,拉特兰,行动预备组A4,行动预备组A4,萨科塔,罗德岛,,1080,365,134,0,70s,9→11,1,1.0s,远程位,输出,"公开招募, 主线剧情","cost,re_deploy,atk,re_deploy,cost`-1,-4,23,-6,-1","0,50,0",普通,标准,普通,普通,标准,标准,15,速射手,优先攻击空中单位
安比尔,狙击,3,Ambriel,アンブリエル,LT02,女,拉特兰,,拉特兰,萨科塔,拉特兰,,1595,977,122,0,70s,18→20,1,2.7s,远程位,输出 减速,"公开招募, 标准寻访, 中坚寻访","cost,re_deploy,interval,,cost`-1,-4,6,,-1","0,75,0",普通,标准,普通,标准,标准,标准,115,神射手,优先攻击攻击范围内防御力最低的敌方单位
安洁莉娜,辅助,5,Angelina,アンジェリーナ,SR02,女,叙拉古,,叙拉古,沃尔珀,叙拉古,,1385,542,120,25,70s,14→16,1,1.9s,远程位,减速 输出 支援,中坚寻访,"cost,,atk,cost,`-1,,25,-1,","0,75,0",普通,优良,普通,普通,普通,优良,77,凝滞师,攻击造成法术伤害，并对敌人造成短暂的停顿
安赛尔,医疗,2,Ansel,アンセル,PA43,男,雷姆必拓,行动预备组A4,行动预备组A4,卡特斯,罗德岛,,1135,362,109,0,70s,15→17,1,2.85s,远程位,治疗,"公开招募, 标准寻访, 中坚寻访, 主线剧情","cost,re_deploy,atk,,cost`-1,-4,20,,-1","0,45,0",普通,标准,普通,普通,标准,标准,18,医师,恢复友方单位生命
宴,近卫,3,Utage,ウタゲ,HK03,女,东国,,东,不明,东,,3444,693,312,0,70s,20→22→24,1,1.2s,近战位,输出 生存,"公开招募, 标准寻访, 中坚寻访","cost,re_deploy,atk,re_deploy,cost`-1,-4,23,-6,-1","0,30,40",普通,普通,普通,普通,优良,普通,125,武者,不成为其他角色的治疗目标，每次攻击到敌人后回复自身70生命
寒檀,术师,4,Santalla,サンタラ,SI02,女,萨米,,萨米,菲林,萨米,,1640,770,123,20,70s,30→33,1,2.9s,远程位,群攻 控场,标准寻访,"cost,re_deploy,atk,,cost`-1,-4,32,,-1","0,90,0",标准,标准,优良,标准,标准,优良,287,扩散术师,攻击造成群体法术伤害
寒芒克洛丝,狙击,4,Kroos the Keen Glint,寒芒クルース,RF02,女,雷姆必拓,,罗德岛,卡特斯,罗德岛,,1520,502,176,0,80s,13→15,1,1.0s,远程位,输出,"活动获得, 记录修复奖励","cost,re_deploy,cost,,cost`-1,-10,-1,,-1","0,75,0",标准,标准,标准,优良,优良,标准,220,速射手,优先攻击空中单位
寻澜,先锋,4,Surfer,サーファー,BS07,女,哥伦比亚,,黑钢国际,札拉克,哥伦比亚,黑钢国际,1950,560,261,0,35s,8→10,1,1.0s,近战位,费用回复 快速复活,标准寻访,"cost,re_deploy,interval,,cost`-1,-4,5,,-1","0,40,20",标准,优良,标准,优良,标准,普通,358,情报官,再部署时间减少，可使用远程攻击
导火索,近卫,4,Fuze,Fuze,RS08,男,未知,彩虹小队,彩虹小队,未知,,,2660,795,290,0,80s,21→23→25,2→2→3,1.2s,近战位,群攻 生存,活动获得,"cost,re_deploy,cost,,cost`-1,-10,-1,,-1","0,40,40",标准,普通,标准,优良,优良,■■,317,强攻手,同时攻击阻挡的所有敌人
小满,辅助,4,Grain Buds,グレインバッズ,YD14,女,炎,,炎,黎博利,炎,,1260,525,100,20,70s,13→15,1,1.9s,远程位,减速 控场,标准寻访,"cost,re_deploy,atk,,cost`-1,-4,23,,-1","0,65,0",普通,标准,普通,普通,普通,优良,313,凝滞师,攻击造成法术伤害，并对敌人造成短暂的停顿
山,近卫,5,Mountain,マウンテン,CB05,男,哥伦比亚,,哥伦比亚,菲林,哥伦比亚,,2745,587,357,0,70s,9→11,1,0.78s,近战位,输出 生存,"公开招募, 中坚寻访","cost,re_deploy,atk,,cost`-1,-4,24,,-1","0,45,45",优良,标准,标准,优良,标准,普通,174,斗士,能够阻挡一个敌人
崖心,特种,4,Cliffheart,クリフハート,JC06,女,谢拉格,,喀兰贸易,菲林,谢拉格,喀兰贸易,1970,765,340,0,70s,11→13,2,1.8s,近战位,位移 输出,"公开招募, 中坚寻访","cost,re_deploy,interval,,cost`-1,-4,8,,-1","0,70,0",标准,优良,标准,标准,优良,标准,67,钩索师,技能可以使敌人产生位移可以放置于远程位
嵯峨,先锋,5,Saga,サガ,HK13,女,东国,,东,佩洛,东,,2205,530,372,0,70s,12→14,2,1.05s,近战位,费用回复 输出,"公开招募, 中坚寻访","cost,re_deploy,atk,,cost`-1,-4,25,,-1","0,85,0",标准,标准,标准,标准,优良,标准,181,尖兵,能够阻挡两个敌人
巡林者,狙击,1,Rangers,レンジャー,A42,男,未公开,行动组A4,行动组A4,萨弗拉,罗德岛,,780,269,66,0,70s,7,1,1.0s,远程位,新手,公开招募,"cost,interval,interval,re_deploy,cost`-1,6,6,-5,-1","0,30,0",普通,优良,普通,普通,优良,普通,5,速射手,优先攻击空中单位
左乐,近卫,5,Zuo Le,ズオ・ラウ,YD06,男,炎,,炎,斐迪亚,炎,,3858,780,315,0,70s,22→24→26,1,1.2s,近战位,输出 生存,标准寻访,"cost,re_deploy,atk,,cost`-1,-4,26,,-1","340,40,40",标准,卓越,标准,优良,标准,标准,314,武者,不成为其他角色的治疗目标，每次攻击到敌人后回复自身70生命
巫恋,辅助,4,Shamare,シャマレ,R148,女,叙拉古,,叙拉古,沃尔珀,叙拉古,,1728,408,105,25,70s,10→12,1,1.6s,远程位,削弱,"公开招募, 中坚寻访","cost,re_deploy,res,,cost`-1,-4,8,,-1","0,65,0",普通,标准,普通,标准,普通,优良,132,削弱者,攻击造成法术伤害
布丁,术师,3,Pudding,プリン,CB03,女,哥伦比亚,,哥伦比亚,阿戈尔,哥伦比亚,,1326,542,108,20,70s,28→31,1,2.3s,远程位,输出,凭证交易所(采购),"cost,re_deploy,atk,re_deploy,cost`-1,-4,23,-6,-1","0,70,0",缺陷,标准,标准,普通,标准,标准,209,链术师,攻击造成法术伤害，且会在4个敌人间跳跃，每次跳跃伤害降低15%并造成短暂停顿
布洛卡,近卫,4,Broca,ブローカ,SR27,男,叙拉古,贾维团伙,贾维团伙,菲林,叙拉古,,2335,762,366,0,70s,19→21→23,2→2→3,1.2s,近战位,群攻 生存,"公开招募, 中坚寻访","cost,re_deploy,atk,,cost`-1,-4,28,,-1","0,80,0",优良,普通,标准,普通,标准,标准,114,强攻手,同时攻击阻挡的所有敌人
帕拉斯,近卫,5,Pallas,パラス,MN04,女,米诺斯,,米诺斯,丰蹄,米诺斯,,1963,687,455,0,70s,15→17,2,1.05s,近战位,输出 支援,中坚寻访,"cost,re_deploy,atk,,cost`-1,-4,25,,-1","300,50,0",标准,普通,标准,优良,标准,优良,198,教官,可以攻击到较远敌人，攻击自身未阻挡的敌人时攻击力提升至120%
年,重装,5,Nian,ニェン,NM01,女,炎,,炎-岁,未公开,炎,炎-岁,3699,619,726,0,70s,19→21→23,3,1.5s,近战位,防护 支援,限定寻访,"cost,atk,def,,cost`-1,24,30,,-1","400,0,70",标准,标准,标准,标准,优良,缺陷,121,铁卫,能够阻挡三个敌人
幽灵鲨,近卫,4,Specter,スペクター,AA02,女,阿戈尔,,深海猎人,未公开,阿戈尔,深海猎人,2630,725,355,0,70s,19→21→23,2→2→3,1.2s,近战位,群攻 生存,"公开招募, 中坚寻访","cost,re_deploy,atk,,cost`-1,-4,27,,-1","0,80,0",卓越,普通,卓越,缺陷,优良,缺陷,51,强攻手,同时攻击阻挡的所有敌人
异客,术师,5,Passenger,パッセンジャー,SG07,男,哥伦比亚,,萨尔贡,黎博利,萨尔贡,,1558,689,130,20,70s,30→33,1,2.3s,远程位,输出,"公开招募, 中坚寻访","cost,,atk,cost,`-1,,32,-1,","0,85,0",普通,标准,标准,优良,标准,优良,189,链术师,攻击造成法术伤害，且会在4个敌人间跳跃，每次跳跃伤害降低15%并造成短暂停顿(0.5s)
弑君者,特种,5,Crownslayer,クラウンスレイヤー,R315,女,乌萨斯,,罗德岛,瑞柏巴,罗德岛,,1695,545,325,0,22s,10→12,1,0.93s,近战位,快速复活,活动获得,"cost,re_deploy,cost,,cost`-1,-4,-1,,-1","0,90,0",标准,卓越,标准,标准,优良,优良,351,处决者,再部署时间大幅度减少
引星棘刺,特种,5,Thorns the Lodestar,引星ソーンズ,II02,男,伊比利亚,,伊比利亚,阿戈尔,伊比利亚,,1173,501,106,30,70s,14→16→18,1,1.5s,远程位,输出 支援 削弱,标准寻访,"cost,re_deploy,res,,cost`-1,-4,12,,-1","200,40,0",优良,标准,标准,优良,优良,优良,356,炼金师,可以投掷炼金单元协助作战
归溟幽灵鲨,特种,5,Specter the Unchained,帰溟スペクター,CR02,女,阿戈尔,,深海猎人,阿戈尔,阿戈尔,深海猎人,2803,737,322,0,70s,14→14→16,2,1.2s,近战位,输出 快速复活,限定寻访,"cost,re_deploy,atk,,cost`-1,-4,33,,-1","0,80,0",卓越,优良,卓越,标准,优良,缺陷,236,傀儡师,受到致命伤时不撤退，切换成<替身>作战（替身阻挡数为0），持续20秒后自身再次替换<替身>
录武官,医疗,4,Record Keeper,,YD26,男,炎,,炎,佩洛,炎,,1580,502,124,0,70s,17→19,1,2.85s,远程位,治疗,标准寻访,"cost,re_deploy,atk,,cost`-1,-4,27,,-1","0,75,0",缺陷,普通,普通,优良,普通,标准,377,医师,恢复友方单位生命
微风,医疗,4,Breeze,ブリーズ,R132,女,维多利亚,,维多利亚,沃尔珀,维多利亚,,1595,343,153,0,70s,15→17,1,2.85s,远程位,治疗 支援,凭证交易所(采购),"cost,re_deploy,atk,re_deploy,cost`-1,-4,20,-6,-1","200,30,0",普通,标准,普通,标准,缺陷,优良,108,群愈师,同时恢复三个友方单位的生命
德克萨斯,先锋,4,Texas,テキサス,PL02,女,哥伦比亚,,企鹅物流,鲁珀,炎-龙门,企鹅物流,1950,500,343,0,70s,11→13,2,1.05s,近战位,费用回复 控场,"公开招募, 中坚寻访, 常驻赠送","cost,re_deploy,atk,re_deploy,cost`-1,-4,24,-6,-1","0,70,0",优良,优良,标准,优良,优良,优良,47,尖兵,能够阻挡两个敌人
忍冬,先锋,5,Vulpisfoglia,ウルピスフォリア,SR40,女,叙拉古,,叙拉古,沃尔珀,叙拉古,,2030,562,380,0,70s,12→14,2,1.05s,近战位,费用回复 输出,标准寻访,"cost,re_deploy,atk,,cost`-1,-4,25,,-1","150,60,0",优良,优良,标准,标准,卓越,标准,352,尖兵,能够阻挡两个敌人
惊蛰,术师,4,Leizi,レイズ,YD05,女,炎,,炎,麒麟,炎,,1443,635,119,20,70s,29→32,1,2.3s,远程位,输出,"公开招募, 中坚寻访","cost,re_deploy,atk,,cost`-1,-4,28,,-1","0,75,0",标准,优良,标准,优良,优良,卓越,122,链术师,攻击造成法术伤害，且会在4个敌人间跳跃，每次跳跃伤害降低15%并造成短暂停顿(0.5s)
慑砂,狙击,4,Sesa,シェーシャ,R158,男,萨尔贡,,萨尔贡,瓦伊凡,萨尔贡,,1655,833,123,0,70s,24→26→28,1,2.8s,远程位,群攻 削弱,"公开招募, 中坚寻访","cost,re_deploy,atk,,cost`-1,-4,33,,-1","0,85,0",标准,普通,标准,普通,优良,标准,127,炮手,攻击造成群体物理伤害
慕斯,近卫,3,Mousse,ムース,VC04,女,维多利亚,,维多利亚,菲林,维多利亚,,2345,644,357,15,70s,18→20,1,1.25s,近战位,输出,"公开招募, 标准寻访, 中坚寻访","cost,re_deploy,atk,,cost`-1,-4,26,,-1","0,35,35",标准,标准,标准,普通,标准,优良,33,术战者,攻击造成法术伤害
战车,近卫,4,Tachanka,Tachanka,RS04,男,未知,彩虹小队,彩虹小队,未知,,,2626,621,309,0,80s,20→22→24,2,1.3s,近战位,爆发 输出,活动获得,"cost,re_deploy,cost,,cost`-1,-10,-1,,-1","0,40,40",标准,普通,标准,优良,优良,■■,183,剑豪,普通攻击连续造成两次伤害
截云,狙击,4,Jieyun,ジエユン,YD15,女,炎,,炎,阿纳萨,炎,,1650,835,115,0,80s,26→28→30,1,2.8s,远程位,群攻 减速,"活动获得, 记录修复奖励","cost,re_deploy,cost,,cost`-1,-10,-1,,-1","0,85,0",标准,标准,标准,普通,优良,标准,265,炮手,攻击造成群体物理伤害
戴菲恩,术师,4,Delphine,デルフィーン,VC23,女,维多利亚,,维多利亚,菲林,维多利亚,,1532,1240,128,20,80s,24→26,1,3.0s,远程位,输出,主线剧情,"cost,re_deploy,cost,,cost`-1,-10,-1,,-1","0,130,0",标准,标准,标准,优良,标准,标准,298,秘术师,攻击造成法术伤害，在找不到攻击目标时可以将攻击能量储存起来之后一齐发射（最多3个）
承曦格雷伊,狙击,4,Greyy the Lightningbearer,承曦グレイ,RF23,男,玻利瓦尔,,罗德岛,佩洛,罗德岛,,1730,628,240,15,70s,22→24,1,2.1s,远程位,输出 减速,标准寻访,"cost,re_deploy,atk,re_deploy,cost`-1,-4,32,-6,-1","150,60,0",普通,标准,标准,普通,标准,标准,242,投掷手,攻击对小范围的地面敌人造成两次物理伤害（第二次为余震，伤害降低至攻击力的一半）
折光,术师,4,Diamante,ディアマンテ,LN21,男,莱塔尼亚,,莱塔尼亚,卡普里尼,莱塔尼亚,,1309,578,111,15,70s,18→20,1,1.6s,远程位,元素 输出,凭证交易所(采购),"cost,re_deploy,atk,,cost`-1,-4,25,,-1","0,65,0",普通,优良,标准,优良,普通,标准,302,本源术师,攻击造成法术伤害，可以造成元素伤害
折桠,重装,4,Веточки,,US35,女,乌萨斯,,乌萨斯,乌萨斯,乌萨斯,,3748,865,540,10,70s,31→33→35,2→3→3,1.6s,近战位,防护 生存,标准寻访,"cost,re_deploy,hp,,cost`-1,-4,250,,-1","400,0,50",普通,普通,标准,普通,普通,标准,390,不屈者,无法被友方角色治疗
拉普兰德,近卫,4,Lappland,ラップランド,SR01,女,叙拉古,,叙拉古,鲁珀,叙拉古,,2350,685,365,15,70s,17→19,2,1.3s,近战位,输出 削弱,中坚寻访,"cost,re_deploy,atk,,cost`-1,-4,25,,-1","0,75,0",优良,标准,标准,标准,卓越,优良,50,领主,可以进行远程攻击，但此时攻击力降低至80%
拜松,重装,4,Bison,バイソン,LM15,男,龙门,,炎-龙门,丰蹄,炎-龙门,,3456,375,701,0,80s,20→22→24,3,1.2s,近战位,防护,"活动获得, 记录修复奖励","cost,re_deploy,cost,,cost`-1,-10,-1,,-1","0,0,80",标准,标准,优良,标准,普通,标准,110,铁卫,能够阻挡三个敌人
掠风,辅助,4,Windflit,ウインドフリット,CB19,男,哥伦比亚,,哥伦比亚,佩洛,哥伦比亚,,2600,565,425,0,70s,14→16→18,2,1.5s,近战位,输出 支援,标准寻访,"cost,re_deploy,atk,,cost`-1,-4,25,,-1","0,40,40",标准,标准,优良,普通,普通,标准,233,工匠,能够阻挡两个敌人，使用<支援装置>协助作战
推进之王,先锋,5,Siege,シージ,GG01,女,维多利亚,,格拉斯哥帮,阿斯兰,维多利亚,格拉斯哥帮,2251,515,384,0,70s,12→14,2,1.05s,近战位,费用回复 输出,"公开招募, 中坚寻访","cost,re_deploy,atk,,cost`-1,-4,25,,-1","0,60,25",优良,优良,优良,优良,优良,标准,74,尖兵,能够阻挡两个敌人
提丰,狙击,5,Typhon,ティフォン,SI07,女,萨米,,萨米,萨卡兹,萨米,,1702,1045,113,0,70s,22→24,1,2.4s,远程位,输出,标准寻访,"cost,re_deploy,atk,,cost`-1,-4,34,,-1","0,110,0",优良,标准,优良,普通,优良,标准,288,攻城手,优先攻击重量最重的敌人
摩根,近卫,4,Morgan,モーガン,GG02,女,维多利亚,,格拉斯哥帮,菲林,维多利亚,格拉斯哥帮,3810,905,243,0,80s,18→20,1,1.5s,近战位,输出,主线剧情,"cost,re_deploy,cost,,cost`-1,-10,-1,,-1","0,75,25",标准,普通,标准,优良,优良,普通,276,无畏者,能够阻挡一个敌人
斑点,重装,2,Spot,スポット,PA64,男,萨尔贡,行动预备组A6,行动预备组A6,瑞柏巴,罗德岛,,1833,320,442,10,70s,15→17,2→3,1.2s,近战位,防护 治疗,"公开招募, 标准寻访, 中坚寻访","cost,re_deploy,def,,cost`-1,-4,24,,-1","0,30,30",标准,普通,优良,普通,标准,标准,91,守护者,技能可以治疗友方单位
斥罪,重装,5,Penance,ペナンス,SR35,女,叙拉古,,叙拉古,鲁珀,叙拉古,,4055,876,616,10,70s,32→34→36,2→3→3,1.6s,近战位,生存 输出,标准寻访,"cost,,atk,,cost`-1,,28,,-1","600,40,0",标准,普通,标准,标准,普通,标准,260,不屈者,无法被友方角色治疗
斩业星熊,重装,5,Hoshiguma the Breacher,,LM23,女,东国,,龙门近卫局,鬼,炎-龙门,龙门近卫局,3551,667,561,15,70s,22→24→26,3,1.6s,近战位,输出 生存,限定寻访,"cost,re_deploy,def,,cost`-1,-4,30,,-1","0,55,55",优良,标准,卓越,优良,优良,普通,383,驭法铁卫,技能开启时普通攻击会造成法术伤害
断崖,近卫,4,Ayerscarpe,エアースカーペ,RB04,男,雷姆必拓,,雷姆必拓,卡特斯,雷姆必拓,,2420,670,375,10,70s,17→19,2,1.3s,近战位,输出 群攻,"公开招募, 中坚寻访","cost,re_deploy,atk,,cost`-1,-4,26,,-1","0,75,0",标准,优良,优良,标准,优良,标准,146,领主,可以进行远程攻击，但此时攻击力降低至80%
断罪者,近卫,3,Conviction,コンビクション,MN01,断罪,米诺斯,,米诺斯,未知（疑似黎博利）,米诺斯,,3483,929,166,0,70s,14→16,1,1.5s,近战位,输出 生存 控场 爆发,活动获得,`,"222,22,22",标准,标准,标准,标准,标准,标准,129,无畏者,能够阻挡一个敌人
斯卡蒂,近卫,5,Skadi,スカジ,AA01,女,阿戈尔,,深海猎人,未公开,阿戈尔,深海猎人,3866,1015,263,0,70s,17→19,1,1.5s,近战位,输出 生存,"公开招募, 中坚寻访","cost,re_deploy,atk,,cost`-1,-4,33,,-1","0,80,40",■■,标准,卓越,标准,优良,缺陷,89,无畏者,能够阻挡一个敌人
新约能天使,特种,5,Exusiai the New Covenant,新約エクシア,PL08,女,拉特兰,,企鹅物流,萨科塔,炎-龙门,企鹅物流,2150,708,150,10,70s,11→13,1,1.3s,远程位,输出 支援,限定寻访,"cost,,atk,,cost`-1,,30,,-1","200,70,0",标准,优良,标准,优良,优良,标准,373,怪杰,自身生命会不断流失
早露,狙击,5,Роса,ロサ,USS4,女,乌萨斯,乌萨斯学生自治团,乌萨斯学生自治团,乌萨斯,乌萨斯,,1755,1032,122,0,70s,22→24,1,2.4s,远程位,输出 控场,"公开招募, 中坚寻访","cost,re_deploy,atk,,cost`-1,-4,34,,-1","0,110,0",标准,普通,标准,优良,标准,标准,143,攻城手,优先攻击重量最重的敌人
明椒,医疗,4,Paprika,パプリカ,R175,女,哥伦比亚,,罗德岛,萨卡兹,罗德岛,,1666,439,171,0,70s,16→18,1,2.85s,远程位,治疗,标准寻访,"cost,re_deploy,atk,,cost`-1,-4,24,,-1","200,50,0",标准,标准,标准,普通,标准,优良,254,链愈师,恢复友方单位生命，且会在3个友方单位间跳跃，每次跳跃治疗量降低25%
星极,近卫,4,Astesia,アステシア,RR01,女,哥伦比亚,,哥伦比亚,黎博利,哥伦比亚,,2523,660,393,15,70s,19→21,1,1.25s,近战位,输出 防护,"公开招募, 中坚寻访","cost,re_deploy,def,re_deploy,cost`-1,-4,23,-6,-1","0,30,55",普通,标准,标准,标准,标准,优良,100,术战者,攻击造成法术伤害
星源,术师,4,Astgenne,アステジーニ,RL08,女,哥伦比亚,,莱茵生命,黎博利,哥伦比亚,莱茵生命,1440,630,122,20,80s,31→34,1,2.3s,远程位,输出,"活动获得, 记录修复奖励","cost,re_deploy,cost,atk,cost`-1,-10,-1,28,-1","0,75,0",普通,标准,标准,标准,标准,标准,241,链术师,攻击造成法术伤害，且会在4个敌人间跳跃，每次跳跃伤害降低15%并造成短暂停顿
星熊,重装,5,Hoshiguma,ホシグマ,LM05,女,东国,,龙门近卫局,鬼,炎-龙门,龙门近卫局,3850,430,723,0,70s,19→21→23,3,1.2s,近战位,防护 输出,"公开招募, 中坚寻访","cost,,def,cost,`-1,,30,-1,","0,60,60",优良,标准,卓越,标准,优良,普通,80,铁卫,能够阻挡三个敌人
晓歌,先锋,4,Cantabile,カンタービレ,R143,女,玻利瓦尔,,罗德岛,黎博利,罗德岛,,1917,560,267,0,35s,8→10,1,1.0s,近战位,费用回复 快速复活,标准寻访,"cost,re_deploy,interval,,cost`-1,-4,5,,-1","0,30,30",标准,普通,标准,标准,标准,标准,245,情报官,再部署时间减少，可使用远程攻击
普罗旺斯,狙击,4,Provence,プロヴァンス,SR03,女,叙拉古,,叙拉古,鲁珀,叙拉古,,1680,781,215,0,70s,15→17→19,1,1.6s,远程位,输出,"公开招募, 中坚寻访","cost,re_deploy,atk,,cost`-1,-4,30,,-1","0,90,0",普通,优良,普通,标准,优良,标准,65,重射手,高精度的近距离射击
暗索,特种,3,Rope,ロープ,RB02,女,雷姆必拓,,炎-龙门,卡特斯,炎-龙门,,1720,728,325,0,70s,10→12,2,1.8s,近战位,位移,"公开招募, 标准寻访, 中坚寻访","cost,re_deploy,def,,cost`-1,-4,22,,-1","0,0,60",标准,优良,标准,标准,标准,标准,35,钩索师,技能可以使敌人产生位移可以放置于远程位
暮落,重装,4,Shalem,シャレム,VC07,男,维多利亚,,维多利亚,斐迪亚,维多利亚,,3090,649,550,15,70s,21→23→25,3,1.6s,近战位,输出 防护,活动获得,"cost,re_deploy,atk,,cost`-1,-4,25,,-1","0,80,0",标准,标准,标准,标准,优良,标准,218,驭法铁卫,技能开启时普通攻击会造成法术伤害
暴行,近卫,4,Savage,サベージ,RB01,女,雷姆必拓,,雷姆必拓,卡特斯,雷姆必拓,,2430,705,320,0,70s,18→20→22,2→2→3,1.2s,近战位,群攻 爆发,"预约奖励, 周年奖励","atk,hp,def,interval,res`35,250,35,8,8","0,0,40",优良,标准,优良,普通,标准,标准,83,强攻手,同时攻击阻挡的所有敌人
暴雨,重装,4,Heavyrain,ヘビーレイン,R164,女,萨尔贡,,罗德岛,库兰塔,罗德岛,,3380,378,721,0,80s,20→22→24,3,1.2s,近战位,防护 支援,"活动获得, 记录修复奖励","cost,re_deploy,cost,,cost`-1,-10,-1,,-1","350,0,35",优良,标准,标准,标准,标准,普通,187,铁卫,能够阻挡三个敌人
月禾,辅助,4,Tsukinogi,ツキノギ,R129,女,东国,,东,埃拉菲亚,东,,1720,445,175,25,70s,10→12,1,1.6s,远程位,支援 生存,"公开招募, 中坚寻访","cost,re_deploy,hp,,cost`-1,-4,160,,-1","300,40,0",普通,优良,标准,标准,普通,优良,139,护佑者,攻击造成法术伤害，技能开启后改为治疗友方单位（治疗量相当于75%攻击力）
月见夜,近卫,2,Midnight,ミッドナイト,PA62,男,东国,行动预备组A6,行动预备组A6,萨卡兹,罗德岛,,1653,497,282,10,70s,14→16,2,1.3s,近战位,输出,"公开招募, 标准寻访, 中坚寻访","cost,re_deploy,atk,,cost`-1,-4,22,,-1","0,50,0",标准,标准,优良,普通,标准,优良,85,领主,可以进行远程攻击，但此时攻击力降低至80%
末药,医疗,3,Myrrh,ミルラ,R104,女,未公开,,罗德岛,沃尔珀,罗德岛,,1420,465,131,0,70s,16→18,1,2.85s,远程位,治疗,"公开招募, 标准寻访, 中坚寻访","cost,re_deploy,atk,,cost`-1,-4,23,,-1","0,60,0",普通,标准,普通,普通,普通,标准,36,医师,恢复友方单位生命
杏仁,特种,4,Almond,アーモンド,BS05,女,哥伦比亚,,黑钢国际,佩洛,哥伦比亚,黑钢国际,2130,695,410,0,70s,11→13,2,1.8s,近战位,位移,标准寻访,"cost,re_deploy,def,,cost`-1,-4,20,,-1","200,0,45",普通,普通,标准,标准,标准,普通,295,钩索师,技能可以使敌人产生位移可以放置于远程位
杜宾,近卫,3,Dobermann,ドーベルマン,R100,女,玻利瓦尔,,罗德岛,佩洛,罗德岛,,2024,602,382,0,70s,13→15,2,1.05s,近战位,输出 支援,"公开招募, 标准寻访, 中坚寻访","cost,re_deploy,hp,,cost`-1,-4,150,,-1","0,30,30",标准,标准,标准,优良,优良,标准,29,教官,可以攻击到较远敌人，攻击自身未阻挡的敌人时攻击力提升至120%
杜林,术师,1,Durin,ドゥリン,A44,女,未公开,行动组A4,行动组A4,杜林,罗德岛,,952,340,62,10,70s,12,1,1.6s,远程位,新手,"公开招募, 主线剧情","cost,hp,re_deploy,hp,cost`-1,50,-5,50,-1","0,30,0",缺陷,普通,缺陷,普通,普通,优良,6,中坚术师,攻击造成法术伤害
杰克,近卫,3,Jackie,ジャッキー,R166,女,哥伦比亚,,哥伦比亚,佩洛,哥伦比亚,,2378,529,308,0,70s,7→9,1,0.78s,近战位,输出,"公开招募, 标准寻访, 中坚寻访","cost,re_deploy,atk,,cost`-1,-4,21,,-1","0,60,0",优良,标准,标准,普通,普通,标准,166,斗士,能够阻挡一个敌人
杰西卡,狙击,3,Jessica,ジェシカ,BS03,女,维多利亚,,黑钢国际,菲林,哥伦比亚,黑钢国际,1320,475,154,0,70s,10→12,1,1.0s,远程位,输出 生存,"公开招募, 标准寻访, 中坚寻访, 主线剧情","cost,re_deploy,atk,re_deploy,cost`-1,-4,24,-6,-1","0,65,0",标准,标准,优良,普通,标准,普通,23,速射手,优先攻击空中单位
松果,狙击,3,Pinecone,パインコーン,CB09,女,哥伦比亚,,哥伦比亚,黎博利,哥伦比亚,,2200,667,167,0,70s,27→30,1,2.3s,远程位,群攻 输出,"标准寻访, 中坚寻访, 公开招募","cost,re_deploy,atk,,cost`-1,-4,28,,-1","0,55,0",普通,标准,标准,普通,标准,普通,171,散射手,攻击范围内的所有敌人，对自己前方一横排的敌人攻击力提升至150%
松桐,先锋,4,Matsukiri,,HK17,男,东国,,东,鲁珀,东,,2002,600,400,15,80s,12→14,2,1.2s,近战位,费用回复 支援,活动获得,"cost,re_deploy,cost,,cost`-1,-10,-1,,-1","0,50,20",普通,标准,标准,优良,标准,普通,380,策士,能够阻挡两个敌人，可以支援待部署区的我方单位
极光,重装,4,Aurora,オーロラ,JC09,女,谢拉格,,喀兰贸易,乌萨斯,谢拉格,喀兰贸易,4027,901,640,0,70s,28→30→32,1,1.6s,近战位,输出 防护,中坚寻访,"cost,re_deploy,def,,cost`-1,-4,27,,-1","0,55,55",标准,普通,优良,标准,标准,普通,216,决战者,只有阻挡敌人时才能够回复技力
极境,先锋,4,Elysium,エリジウム,R131,男,伊比利亚,,罗德岛,黎博利,罗德岛,,1669,533,335,0,70s,9→11,1,1.3s,近战位,费用回复 支援,"公开招募, 中坚寻访","cost,re_deploy,def,,cost`-1,-4,23,,-1","0,0,60",普通,优良,普通,标准,优良,标准,135,执旗手,技能发动期间阻挡数变为0
林,术师,5,Lin,リン,LM21,女,龙门,,炎-龙门,札拉克,炎-龙门,,2048,849,242,15,70s,22→24,1,2.0s,远程位,群攻 防护,标准寻访,"cost,,atk,,cost`-1,,34,,-1","0,70,40",标准,优良,标准,标准,优良,卓越,267,阵法术师,通常时不攻击且防御力和法术抗性大幅度提升，技能开启时攻击造成群体法术伤害
柏喙,近卫,4,Bibeak,バイビーク,R138,女,萨米,,萨米,黎博利,萨米,,2550,602,332,0,70s,18→20→22,2,1.3s,近战位,爆发 输出,"活动获得, 凭证交易所(高级/通用)","cost,re_deploy,atk,,cost`-1,-4,22,,-1","0,80,0",普通,标准,普通,普通,标准,普通,126,剑豪,普通攻击连续造成两次伤害
格劳克斯,辅助,4,Glaucus,グラウコス,R128,女,阿戈尔地区,,伊比利亚,未公开,伊比利亚,,1267,505,100,20,70s,13→15,1,1.9s,远程位,减速 控场,"公开招募, 中坚寻访","cost,re_deploy,atk,,cost`-1,-4,23,,-1","300,35,0",普通,普通,优良,优良,标准,普通,97,凝滞师,攻击造成法术伤害，并对敌人造成短暂的停顿
格拉尼,先锋,4,Grani,グラニ,VC05,女,维多利亚,,维多利亚,库兰塔,维多利亚,,2235,552,367,0,80s,12→14,1,1.0s,近战位,费用回复 防护,"活动获得, 记录修复奖励","cost,re_deploy,cost,,cost`-1,-10,-1,,-1","0,0,70",标准,优良,标准,标准,优良,普通,88,冲锋手,击杀敌人后获得1点部署费用，撤退时返还初始部署费用
格雷伊,术师,3,Greyy,グレイ,R119,男,玻利瓦尔,,玻利瓦尔,佩洛,玻利瓦尔,,1537,699,130,20,70s,29→32,1,2.9s,远程位,群攻 减速,"公开招募, 标准寻访, 中坚寻访","cost,re_deploy,interval,re_deploy,cost`-1,-4,6,-6,-1","300,0,0",普通,标准,普通,普通,普通,标准,92,扩散术师,攻击造成群体法术伤害
桃金娘,先锋,3,Myrtle,テンニンカ,R108,女,未公开,,罗德岛,杜林,罗德岛,,1565,520,300,0,70s,8→10,1,1.3s,近战位,费用回复 治疗,"公开招募, 标准寻访, 中坚寻访","cost,re_deploy,def,,cost`-1,-4,22,,-1","0,0,50",标准,标准,标准,优良,标准,标准,99,执旗手,技能发动期间阻挡数变为0
桑葚,医疗,4,Mulberry,マルベリー,YD03,女,炎,,炎,黎博利,炎,,1367,388,99,10,70s,13→15,1,2.85s,远程位,治疗,中坚寻访,"cost,re_deploy,atk,,cost`-1,-4,19,,-1","150,35,0",普通,标准,普通,普通,普通,标准,204,行医,恢复友方单位生命，并回复相当于攻击力50%的元素损伤（可以回复未受伤友方单位的元素损伤）
梅,狙击,3,May,メイ,VC01,女,维多利亚,,维多利亚,黎博利,维多利亚,,1632,478,105,0,70s,10→12,1,1.0s,远程位,输出 减速,"公开招募, 标准寻访, 中坚寻访","cost,re_deploy,atk,,cost`-1,-4,23,,-1","0,65,0",标准,标准,普通,优良,标准,普通,109,速射手,优先攻击空中单位
梅尔,辅助,4,Mayer,メイヤー,RL05,女,哥伦比亚,,莱茵生命,阿纳缇,哥伦比亚,莱茵生命,1068,443,130,20,70s,9→11,1,1.6s,远程位,召唤 控场,"公开招募, 中坚寻访","cost,re_deploy,res,re_deploy,cost`-1,-4,8,-6,-1","200,35,0",普通,标准,标准,优良,标准,普通,57,召唤师,攻击造成法术伤害可以使用召唤物协助作战
梓兰,辅助,2,Orchid,オーキッド,PA61,女,哥伦比亚,行动预备组A6,行动预备组A6,黎博利,罗德岛,,935,378,83,15,70s,10→12,1,1.9s,远程位,减速,"公开招募, 标准寻访, 中坚寻访, 主线剧情","cost,re_deploy,atk,re_deploy,cost`-1,-4,19,-6,-1","0,40,0",普通,普通,普通,标准,标准,优良,20,凝滞师,攻击造成法术伤害，并对敌人造成短暂的停顿
棘刺,近卫,5,Thorns,ソーンズ,II01,男,伊比利亚,,伊比利亚,阿戈尔,伊比利亚,,2612,711,402,10,70s,18→20,2,1.3s,近战位,输出 防护,"公开招募, 中坚寻访","cost,,atk,,cost`-1,,26,,-1","0,30,70",优良,标准,标准,标准,优良,标准,153,领主,可以进行远程攻击，但此时攻击力降低至80%
森蚺,重装,5,Eunectes,ユーネクテス,SG03,女,萨尔贡,,萨尔贡,斐迪亚,萨尔贡,,4468,1007,615,0,70s,29→31→33,1,1.6s,近战位,输出 生存 防护,"公开招募, 中坚寻访","cost,re_deploy,def,,cost`-1,-4,27,,-1","0,70,70",优良,标准,优良,普通,标准,标准,157,决战者,只有阻挡敌人时才能够回复技力
森西,重装,4,Senshi,センシ,DD04,男,伊兹甘达（自称）,莱欧斯小队,莱欧斯小队,矮人（自称）,,,2770,470,580,10,80s,19→21→23,2→3→3,1.2s,近战位,防护 治疗,活动获得,"cost,re_deploy,cost,def,cost`-1,-10,-1,25,-1","0,40,40",标准,普通,优良,普通,普通,■■,341,守护者,技能可以治疗友方单位
槐琥,特种,4,Waai Fu,ワイフー,LM12,女,炎,鲤氏侦探事务所,鲤氏侦探事务所,菲林,炎-龙门,,1455,536,304,0,18s,7→9,1,0.93s,近战位,快速复活 削弱,"公开招募, 中坚寻访","cost,def,re_deploy,,cost`-1,19,-2,,-1","0,50,30",优良,优良,标准,标准,优良,普通,111,处决者,再部署时间大幅度减少
歌蕾蒂娅,特种,5,Gladiia,グレイディーア,AA05,女,阿戈尔,,深海猎人,未公开,阿戈尔,深海猎人,2309,801,331,0,80s,14→16,2,1.8s,近战位,位移 输出 控场,"活动获得, 记录修复奖励","cost,re_deploy,cost,,cost`-1,-10,-1,,-1","0,50,50",卓越,■■,卓越,优良,卓越,缺陷,191,钩索师,技能可以使敌人产生位移可以放置于远程位
止颂,近卫,5,Lessing,レッシング,LN07,男,莱塔尼亚,,莱塔尼亚,卡普里尼,莱塔尼亚,,3682,1044,277,0,80s,19→21,1,1.5s,近战位,输出,活动获得,"cost,re_deploy,cost,,cost`-1,-10,-1,,-1","200,85,0",优良,标准,优良,标准,标准,标准,304,无畏者,能够阻挡一个敌人
正义骑士号,狙击,0,"""Justice Knight""",ジャスティスナイト,KZ15,女,,,红松骑士团,,卡西米尔,红松骑士团,495,172,41,0,200s,3,1,1.0s,远程位,支援机械 支援,"公开招募, 活动获得",`,"100,45,0",,,,,,,208,速射手,优先攻击空中单位，且不受部署数量限制，但再部署时间极长
死芒,术师,5,Necrass,ネクラス,DB01,女,维多利亚,,塔拉,德拉克,维多利亚,塔拉,1924,633,133,20,70s,19→21,1,1.6s,远程位,召唤 输出,标准寻访,"cost,,atk,re_deploy,cost`-1,,27,-6,-1","0,45,45",标准,优良,普通,优良,优良,■■,365,塑灵术师,攻击造成法术伤害，可以通过击倒敌人生成召唤物，可攻击到自身召唤物阻挡的敌人
水月,特种,5,Mizuki,ミヅキ,HK07,男,东国,,东,阿戈尔,东,,1758,865,356,30,70s,19→21,0,3.5s,近战位,输出 控场,中坚寻访,"cost,re_deploy,atk,,cost`-1,-4,32,,-1","0,110,0",标准,普通,标准,普通,普通,缺陷,201,伏击客,对攻击范围内所有敌人造成伤害拥有50%的物理和法术闪避且不容易成为敌人的攻击目标
水灯心,狙击,4,Brigid,ブリギッド,DB04,女,维多利亚,,塔拉,佩洛,维多利亚,塔拉,2350,640,165,0,80s,15→17,1,1.0s,远程位,输出,活动获得,"cost,re_deploy,cost,,cost`-1,-10,-1,,-1","0,75,0",普通,优良,标准,普通,标准,标准,363,回环射手,持有回旋投射物时才能够攻击（投射物需要时间回收）
泡普卡,近卫,2,Popukar,ポプカル,PA65,女,雷姆必拓,行动预备组A6,行动预备组A6,卡特斯,罗德岛,,1858,495,245,0,70s,17→19,2,1.2s,近战位,群攻 生存,"公开招募, 标准寻访, 中坚寻访","cost,re_deploy,atk,,cost`-1,-4,23,,-1","0,50,0",优良,普通,普通,普通,普通,标准,90,强攻手,同时攻击阻挡的所有敌人
泡泡,重装,3,Bubble,バブル,R146,女,萨尔贡,,萨尔贡,塞拉托,萨尔贡,,3416,370,645,0,70s,17→19→21,3,1.2s,近战位,防护,"公开招募, 标准寻访, 中坚寻访","cost,re_deploy,def,re_deploy,cost`-1,-4,25,-6,-1","0,0,75",优良,普通,优良,普通,缺陷,标准,162,铁卫,能够阻挡三个敌人
波卜,辅助,4,Bobbing,ボビング,CB32,男,哥伦比亚,,哥伦比亚,佩洛,哥伦比亚,,1305,446,68,15,70s,13→15,1,1.6s,远程位,元素,标准寻访,"cost,re_deploy,atk,,cost`-1,-4,21,,-1","0,40,40",标准,普通,标准,标准,普通,优良,346,巫役,攻击造成法术伤害，可以造成元素损伤
波登可,辅助,3,Podenco,ポデンコ,R157,女,玻利瓦尔,,罗德岛,佩洛,罗德岛,,1163,492,96,20,70s,12→14,1,1.9s,远程位,减速 治疗,"公开招募, 标准寻访, 中坚寻访","cost,re_deploy,atk,,cost`-1,-4,21,,-1","0,50,0",普通,标准,普通,普通,普通,普通,140,凝滞师,攻击造成法术伤害，并对敌人造成短暂的停顿
泥岩,重装,5,Mudrock,マドロック,R159,女,卡兹戴尔,,罗德岛,萨卡兹,罗德岛,,3928,882,602,10,70s,32→34→36,2→3→3,1.6s,近战位,生存 防护 输出,"公开招募, 中坚寻访","cost,re_deploy,def,,cost`-1,-4,29,,-1","500,0,60",优良,普通,优良,标准,标准,优良,168,不屈者,无法被友方角色治疗
泰拉大陆调查团,狙击,0,Terra Research Commission,テラ大陸調査団,MH01,未知,未知,,罗德岛,未公开,罗德岛,,518,276,51,0,200s,3,1,2.1s,远程位,控场,活动获得,`,"100,30,0",普通,优良,普通,普通,普通,■■,271,投掷手,攻击对小范围的地面敌人造成两次物理伤害（第二次为余震，伤害降低至攻击力的一半），且不受部署数量限制，但再部署时间极长
洋灰,重装,4,Cement,セメント,RB11,女,雷姆必拓,,雷姆必拓,札拉克,雷姆必拓,,3642,1002,628,0,70s,28→30→32,1,1.6s,近战位,防护,标准寻访,"cost,re_deploy,def,,cost`-1,-4,27,,-1","0,40,60",优良,普通,优良,标准,普通,标准,277,决战者,只有阻挡敌人时才能够回复技力
洛洛,术师,4,Rockrock,ロックロック,VC18,女,维多利亚,,维多利亚,菲林,维多利亚,,1468,320,123,20,70s,19→21,1,1.3s,远程位,输出,标准寻访,"cost,re_deploy,atk,,cost`-1,-4,24,,-1","0,60,0",标准,标准,标准,优良,标准,标准,231,驭械术师,操作浮游单元造成法术伤害单元攻击同一敌人伤害提升（最高造成干员110%攻击力的伤害）
流明,医疗,5,Lumen,ルーメン,II09,男,伊比利亚,,伊比利亚,阿戈尔,伊比利亚,,1825,540,111,10,80s,21→23,1,2.85s,远程位,治疗 支援,"活动获得, 记录修复奖励","cost,re_deploy,cost,,cost`-1,-10,-1,,-1","0,45,30",普通,普通,标准,标准,普通,普通,234,疗养师,拥有较大治疗范围，但在治疗较远目标时治疗量变为80%
流星,狙击,3,Meteor,メテオ,ST02,女,卡西米尔,,卡西米尔,库兰塔,卡西米尔,,1370,465,165,0,70s,10→12,1,1.0s,远程位,输出 削弱,"公开招募, 标准寻访, 中坚寻访","cost,re_deploy,atk,,cost`-1,-4,23,,-1","0,65,0",标准,优良,普通,普通,标准,标准,24,速射手,优先攻击空中单位
浊心斯卡蒂,辅助,5,Skadi the Corrupting Heart,濁心スカジ,CR01,女,阿戈尔,,阿戈尔,未公开,阿戈尔,,1603,368,233,0,70s,6→8,1,1.3s,远程位,支援 生存 输出,限定寻访,"cost,re_deploy,atk,,cost`-1,-6,27,,-1","0,50,30",优良,优良,卓越,——,——,缺陷,193,吟游者,不攻击，持续恢复范围内所有友军生命（每秒相当于自身攻击力10%的生命），自身不受鼓舞影响
海沫,近卫,4,Highmore,ハイモア,II10,女,伊比利亚,,伊比利亚,阿戈尔,伊比利亚,,2120,670,454,0,70s,19→20→22,1→2→2,1.3s,近战位,输出,活动获得,"cost,re_deploy,hp,,cost`-1,-4,160,,-1","250,40,0",优良,标准,卓越,普通,标准,缺陷,251,收割者,无法被友方角色治疗，攻击造成群体伤害，每攻击到一个敌人回复自身50生命，最大生效数等于阻挡数
海蒂,辅助,4,Heidi,ハイディ,VC19,女,维多利亚,,维多利亚,菲林,维多利亚,,1260,320,268,0,80s,7→9,1,1.3s,远程位,支援 治疗,主线剧情,"cost,re_deploy,cost,,cost`-1,-10,-1,,-1","250,40,0",普通,普通,普通,优良,普通,普通,230,吟游者,不攻击，持续恢复范围内所有友军生命（每秒相当于自身攻击力10%的生命），自身不受鼓舞影响
海霓,辅助,4,Lucilla,ルシーラ,AE05,女,阿戈尔,,阿戈尔,阿戈尔,阿戈尔,,1625,440,103,25,70s,10→12,1,1.6s,远程位,削弱,标准寻访,"cost,re_deploy,res,,cost`-1,-4,8,,-1","0,65,0",普通,普通,普通,标准,标准,缺陷,332,削弱者,攻击造成法术伤害
涤火杰西卡,重装,5,Jessica the Liberated,滌火ジェシカ,BS30,女,维多利亚,,黑钢国际,菲林,哥伦比亚,黑钢国际,3608,522,716,0,70s,19→21→23,3,1.2s,近战位,防护 生存 输出,标准寻访,"cost,,atk,,cost`-1,,28,,-1","0,60,60",优良,优良,优良,标准,标准,标准,296,哨戒铁卫,能够阻挡三个敌人，可以进行远程攻击
淬羽赫默,辅助,5,Silence the Paradigmatic,淬羽サイレンス,RL10,女,哥伦比亚,,莱茵生命,黎博利,哥伦比亚,莱茵生命,1927,467,184,25,80s,13→15,1,1.6s,远程位,支援 生存 治疗,"活动获得, 记录修复奖励","cost,re_deploy,cost,,cost`-1,-10,-1,,-1","350,55,0",普通,标准,普通,优良,标准,优良,280,护佑者,攻击造成法术伤害，技能开启后改为治疗友方单位（治疗量相当于75%攻击力）
深巡,重装,4,Underflow,アンダーフロー,AE03,女,阿戈尔,,阿戈尔,阿戈尔,阿戈尔,,3253,439,696,0,80s,20→22→24,3,1.2s,近战位,防护 输出 减速,活动获得,"cost,re_deploy,cost,,cost`-1,-10,-1,,-1","0,45,45",标准,标准,优良,优良,标准,缺陷,331,哨戒铁卫,能够阻挡三个敌人，可以进行远程攻击
深律,重装,4,Bassline,ベースライン,LN13,男,莱塔尼亚,,莱塔尼亚,鲁珀,莱塔尼亚,,2770,473,570,10,70s,17→19→21,2→3→3,1.2s,近战位,防护 治疗,标准寻访,"cost,re_deploy,def,hp,cost`-1,-4,25,200,-1","0,50,30",标准,标准,标准,优良,标准,优良,303,守护者,技能可以治疗友方单位
深海色,辅助,3,Deepcolor,ディピカ,AA04,女,未公开,,阿戈尔,未公开,阿戈尔,,1050,403,125,15,70s,8→10,1,1.6s,远程位,召唤,"标准寻访, 中坚寻访","cost,re_deploy,interval,re_deploy,cost`-1,-4,8,-6,-1","300,0,0",普通,普通,普通,标准,标准,优良,42,召唤师,攻击造成法术伤害可以使用召唤物协助作战
深靛,术师,3,Indigo,インディゴ,II05,女,伊比利亚,,伊比利亚,斐迪亚,伊比利亚,,1435,1116,117,20,70s,21→23,1,3.0s,远程位,输出 控场,"标准寻访, 中坚寻访","cost,re_deploy,atk,,cost`-1,-4,36,,-1","0,100,0",标准,普通,优良,普通,普通,标准,194,秘术师,攻击造成法术伤害，在找不到攻击目标时可以将攻击能量储存起来之后一齐发射（最多3个）
清流,医疗,3,Purestream,セイリュウ,R160,女,炎,,炎,阿戈尔,炎,,1365,454,118,10,80s,17→19,1,2.85s,远程位,治疗 支援,"限时礼包, 公开招募","cost,re_deploy,atk,re_deploy,cost`-1,-4,23,-6,-1","150,35,0",普通,标准,普通,普通,普通,优良,124,疗养师,拥有较大治疗范围，但在治疗较远目标时治疗量变为80%
清道夫,先锋,3,Scavenger,スカベンジャー,SW02,女,未公开,,S.W.E.E.P.,札拉克,罗德岛,S.W.E.E.P.,1835,470,310,0,70s,10→12,2,1.05s,近战位,费用回复 输出,"公开招募, 标准寻访, 中坚寻访","cost,re_deploy,atk,,cost`-1,-4,25,,-1","0,60,0",优良,普通,普通,普通,优良,标准,27,尖兵,能够阻挡两个敌人
渡桥,先锋,4,Mitm,ミトム,R184,男,卡兹戴尔,,罗德岛,萨卡兹,罗德岛,,1370,495,122,0,70s,12→14,1,1.0s,远程位,费用回复 爆发,标准寻访,"cost,re_deploy,interval,re_deploy,cost`-1,-4,8,-6,-1","0,60,0",标准,普通,普通,标准,标准,标准,334,战术家,可以在攻击范围内选择一次战术点来召唤援军，自身攻击援军阻挡的敌人时攻击力提升至150%
温米,术师,4,Warmy,ウォーミー,RB14,女,雷姆必拓,,雷姆必拓,卡特斯,雷姆必拓,,1358,581,106,15,70s,18→20,1,1.6s,远程位,元素 爆发,标准寻访,"cost,re_deploy,atk,,cost`-1,-4,25,,-1","0,65,0",普通,普通,标准,普通,标准,优良,310,本源术师,攻击造成法术伤害，可以造成元素伤害
温蒂,特种,5,Weedy,ウィーディ,R117,女,伊比利亚,,罗德岛,阿戈尔,罗德岛,,2133,677,394,0,70s,19→21,2,1.2s,近战位,位移 输出 控场,"公开招募, 中坚寻访","cost,re_deploy,interval,hp,cost`-1,-4,8,140,-1","0,45,45",标准,标准,普通,优良,标准,标准,136,推击手,同时攻击阻挡的所有敌人可以放置于远程位
溯光星源,辅助,5,Astgenne the Lightchaser,,RL12,女,哥伦比亚,,莱茵生命,黎博利,哥伦比亚,莱茵生命,1420,533,125,25,80s,16→18,1,1.9s,远程位,减速 支援 输出,活动获得,"cost,re_deploy,cost,,cost`-1,-10,-1,,-1","0,75,0",普通,标准,标准,标准,标准,标准,395,凝滞师,攻击造成法术伤害，并对敌人造成短暂的停顿
澄闪,术师,5,Goldenglow,ゴールデングロー,VC09,女,维多利亚,,维多利亚,菲林,维多利亚,,1480,331,125,20,70s,20→22,1,1.3s,远程位,输出,标准寻访,"cost,,atk,cost,`-1,,25,-1,","0,60,0",普通,普通,普通,普通,普通,优良,225,驭械术师,操作浮游单元造成法术伤害单元攻击同一敌人伤害提升（最高造成干员110%攻击力的伤害）
濯尘芙蓉,医疗,4,Hibiscus the Purifier,濯塵ハイビスカス,RF03,女,维多利亚,,罗德岛,萨卡兹,罗德岛,,1508,511,109,20,70s,15→17,1,1.6s,远程位,治疗,标准寻访,"cost,re_deploy,atk,,cost`-1,-4,22,,-1","0,60,0",普通,标准,标准,优良,普通,优良,239,咒愈师,攻击造成法术伤害，攻击敌人时为攻击范围内一名友方干员治疗相当于50%伤害的生命值
火哨,重装,4,Firewhistle,ファイヤーホイッスル,RB09,女,雷姆必拓,,雷姆必拓,黎博利,雷姆必拓,,2983,882,568,0,70s,23→25→27,2→3→3,2.8s,近战位,输出 防护,标准寻访,"cost,re_deploy,atk,,cost`-1,-4,32,,-1","0,50,50",优良,标准,标准,优良,标准,普通,266,要塞,不阻挡敌人时优先远程群体物理攻击
火神,重装,4,Vulcan,ヴァルカン,MN02,女,米诺斯,,米诺斯,丰蹄,米诺斯,,3688,820,585,10,70s,31→33→35,2→3→3,1.6s,近战位,生存 防护 输出,公开招募,"cost,re_deploy,hp,,cost`-1,-4,250,,-1","400,50,0",优良,标准,优良,标准,标准,标准,64,不屈者,无法被友方角色治疗
火龙S黑角,近卫,4,Rathalos S Noir Corne,レウスSノイルホーン,MH03,男,东国,行动组A4,行动组A4,鬼,罗德岛,,3518,726,351,0,70s,21→23→25,1,1.2s,近战位,生存 输出,联动寻访,"cost,re_deploy,interval,re_deploy,cost`-1,-4,5,-6,-1","0,40,40",优良,普通,优良,普通,优良,标准,272,武者,不成为其他角色的治疗目标，每次攻击到敌人后回复自身70生命
灰喉,狙击,4,GreyThroat,グレースロート,R110,女,未公开,,罗德岛,黎博利,罗德岛,,1493,513,152,0,70s,11→13,1,1.0s,远程位,输出,"公开招募, 中坚寻访","cost,re_deploy,atk,re_deploy,cost`-1,-4,23,-6,-1","0,75,0",标准,优良,普通,标准,优良,普通,116,速射手,优先攻击空中单位
灰毫,重装,4,Ashlock,アッシュロック,KZ12,女,卡西米尔,,红松骑士团,札拉克,卡西米尔,红松骑士团,3207,865,541,0,70s,23→25→27,2→3→3,2.8s,近战位,输出 防护,中坚寻访,"cost,re_deploy,atk,,cost`-1,-4,32,,-1","0,50,50",优良,标准,优良,标准,标准,标准,206,要塞,不阻挡敌人时优先远程群体物理攻击
灰烬,狙击,5,Ash,Ash,RS01,女,未知,彩虹小队,彩虹小队,未知,,,1689,534,169,0,70s,12→14,1,1.0s,远程位,输出,联动寻访,"cost,re_deploy,atk,,cost`-1,-4,27,,-1","0,90,0",普通,标准,普通,优良,优良,■■,186,速射手,优先攻击空中单位
灵知,辅助,5,Gnosis,ノーシス,JC02,男,谢拉格,,喀兰贸易,黎博利,谢拉格,喀兰贸易,2035,455,132,25,70s,11→13,1,1.6s,远程位,削弱,中坚寻访,"cost,re_deploy,atk,,cost`-1,-4,33,,-1","0,80,0",标准,标准,标准,优良,标准,优良,217,削弱者,攻击造成法术伤害
炎客,近卫,4,Flamebringer,エンカク,R137,男,卡兹戴尔,,罗德岛,萨卡兹,罗德岛,,3907,918,195,0,80s,18→20,1,1.5s,近战位,输出 生存,"活动获得, 记录修复奖励","cost,re_deploy,cost,,cost`-1,-10,-1,,-1","400,45,0",优良,标准,优良,标准,优良,标准,104,无畏者,能够阻挡一个敌人
炎熔,术师,2,Lava,ラヴァ,PA15,女,维多利亚,行动预备组A1,行动预备组A1,萨卡兹,罗德岛,,1141,582,95,15,70s,27→30,1,2.9s,远程位,群攻,"公开招募, 标准寻访, 中坚寻访, 主线剧情","cost,re_deploy,interval,,cost`-1,-4,8,,-1","0,60,0",普通,普通,普通,普通,标准,标准,16,扩散术师,攻击造成群体法术伤害
炎狱炎熔,术师,4,Lava the Purgatory,炎獄ラヴァ,RF01,女,维多利亚,,罗德岛,萨卡兹,罗德岛,,1543,798,115,20,80s,32→35,1,2.9s,远程位,输出,"活动获得, 记录修复奖励","cost,re_deploy,cost,,cost`-1,-10,-1,,-1","0,90,0",标准,标准,普通,标准,优良,优良,179,扩散术师,攻击造成群体法术伤害
烈夏,近卫,4,Лето,リェータ,USS5,女,乌萨斯,乌萨斯学生自治团,乌萨斯学生自治团,乌萨斯,乌萨斯,,2280,680,375,10,70s,17→19,2,1.3s,近战位,输出 支援,标准寻访,"cost,re_deploy,atk,,cost`-1,-4,26,,-1","210,40,0",优良,普通,优良,标准,标准,普通,308,领主,可以进行远程攻击，但此时攻击力降低至80%
烛煌,术师,5,Blaze the Igniting Spark,熾炎ブレイズ,REX1,女,炎,,罗德岛-精英干员,菲林,罗德岛,罗德岛-精英干员,1608,662,131,15,70s,19→21,1,1.6s,远程位,元素 输出 群攻,标准寻访,"cost,,atk,,cost`-1,,31,,-1","0,90,0",优良,优良,优良,标准,优良,优良,359,本源术师,攻击造成法术伤害，可以造成元素伤害
焰尾,先锋,5,Flametail,フレイムテイル,KZ11,女,卡西米尔,,红松骑士团,札拉克,卡西米尔,红松骑士团,2138,526,392,0,70s,12→14,2,1.05s,近战位,费用回复 生存,中坚寻访,"cost,re_deploy,atk,,cost`-1,-4,25,,-1","0,85,0",标准,优良,标准,优良,标准,标准,213,尖兵,能够阻挡两个敌人
焰影苇草,医疗,5,Reed The Flame Shadow,焔影リード,DB02,女,维多利亚,,塔拉,德拉克,维多利亚,塔拉,1583,550,84,20,70s,15→17,1,1.6s,远程位,治疗 输出 削弱,标准寻访,"cost,,atk,cost,`-1,,26,-1,","0,50,30",优良,优良,标准,优良,优良,卓越,264,咒愈师,攻击造成法术伤害，攻击敌人时为攻击范围内一名友方干员治疗相当于50%伤害的生命值
煌,近卫,5,Blaze,ブレイズ,RE41,女,维多利亚,,罗德岛-精英干员,菲林,罗德岛,罗德岛-精英干员,2821,765,370,0,70s,20→22→24,2→2→3,1.2s,近战位,输出 生存,"公开招募, 中坚寻访","cost,,atk,,cost`-1,,28,,-1","0,60,45",优良,优良,优良,标准,优良,优良,117,强攻手,同时攻击阻挡的所有敌人
熔泉,狙击,4,Toddifons,トギフォンス,VC11,女,维多利亚,,维多利亚,瓦伊凡,维多利亚,,1667,954,123,0,70s,21→23,1,2.4s,远程位,输出,"公开招募, 中坚寻访","cost,re_deploy,atk,,cost`-1,-4,34,,-1","0,95,0",优良,标准,标准,标准,优良,优良,188,攻城手,优先攻击重量最重的敌人
燧石,近卫,4,Flint,フリント,SG06,女,萨尔贡,,萨尔贡,黎博利,萨尔贡,,2495,545,334,0,70s,8→10,1,0.78s,近战位,输出,"公开招募, 中坚寻访","cost,re_deploy,atk,,cost`-1,-4,24,,-1","0,75,0",标准,优良,普通,普通,标准,普通,156,斗士,能够阻挡一个敌人
爱丽丝,术师,4,Iris,アイリス,VC12,女,维多利亚,,维多利亚,菲林,维多利亚,,1535,1259,125,20,70s,22→24,1,3.0s,远程位,输出,"公开招募, 中坚寻访","cost,re_deploy,atk,,cost`-1,-4,45,,-1","0,130,0",普通,普通,标准,标准,普通,优良,176,秘术师,攻击造成法术伤害，在找不到攻击目标时可以将攻击能量储存起来之后一齐发射（最多3个）
特克诺,术师,4,Tecno,テクノ,BV23,女,玻利瓦尔,,玻利瓦尔,杜林,玻利瓦尔,,1655,519,70,20,70s,18→20,1,1.6s,远程位,召唤,标准寻访,"cost,re_deploy,atk,re_deploy,cost`-1,-4,25,-6,-1","200,0,35",普通,标准,普通,普通,普通,标准,355,塑灵术师,攻击造成法术伤害，可以通过击倒敌人生成召唤物，可攻击到自身召唤物阻挡的敌人
特米米,术师,4,Tomimi,トミミ,SG05,女,萨尔贡,,萨尔贡,阿达克利斯,萨尔贡,,1920,600,119,20,80s,20→22,1,1.6s,远程位,输出 生存,"活动获得, 记录修复奖励","cost,re_deploy,cost,,cost`-1,-10,-1,,-1","200,35,0",优良,普通,标准,标准,标准,标准,155,中坚术师,攻击造成法术伤害
狮蝎,特种,4,Manticore,マンティコア,SG01,女,萨尔贡,,萨尔贡,曼提柯,萨尔贡,,1630,811,343,30,70s,18→20,0,3.5s,近战位,输出 生存,"公开招募, 中坚寻访","cost,re_deploy,atk,,cost`-1,-4,30,,-1","0,60,30",优良,优良,标准,标准,优良,优良,71,伏击客,对攻击范围内所有敌人造成伤害拥有50%的物理和法术闪避且不容易成为敌人的攻击目标
猎蜂,近卫,3,Beehunter,ビーハンター,US10,女,乌萨斯,,乌萨斯,乌萨斯,乌萨斯,,2435,513,312,0,70s,7→9,1,0.78s,近战位,输出,"公开招募, 标准寻访, 中坚寻访","cost,re_deploy,hp,,cost`-1,-4,180,,-1","0,60,0",优良,标准,标准,普通,标准,标准,86,斗士,能够阻挡一个敌人
玛恩纳,近卫,5,Młynar,ムリナール,KZ08,男,卡西米尔,,卡西米尔,库兰塔,卡西米尔,,3906,355,502,15,70s,10→12,2→2→3,1.2s,近战位,输出 爆发,标准寻访,"cost,,atk,,cost`-1,,25,,-1","360,30,0",优良,卓越,优良,标准,卓越,优良,249,解放者,通常不攻击且阻挡数为0，技能未开启时40秒内攻击力逐渐提升至最高+200%且技能结束时重置攻击力
玛露西尔,术师,5,Marcille,マルシル,DD02,女,北方大陆（自称）,莱欧斯小队,莱欧斯小队,精灵,,,1805,914,130,20,70s,31→34,1,2.9s,远程位,群攻 治疗 控场,联动寻访,"cost,,atk,re_deploy,cost`-1,,34,-6,-1","0,110,0",普通,普通,普通,标准,优良,■■,344,扩散术师,攻击造成群体法术伤害
玫兰莎,近卫,2,Melantha,メランサ,PA41,女,维多利亚,行动预备组A4,行动预备组A4,菲林,罗德岛,,2745,738,155,0,70s,13→15,1,1.5s,近战位,输出 生存,"公开招募, 标准寻访, 中坚寻访, 主线剧情","cost,re_deploy,atk,re_deploy,cost`-1,-4,25,-6,-1","0,65,0",优良,优良,普通,标准,标准,标准,11,无畏者,能够阻挡一个敌人
玫拉,狙击,4,Melanite,メラナイト,CB22,女,哥伦比亚,,哥伦比亚,斐迪亚,哥伦比亚,,1664,792,210,0,70s,15→17→19,1,1.6s,远程位,输出 爆发,标准寻访,"cost,re_deploy,atk,,cost`-1,-4,30,,-1","0,90,0",标准,优良,标准,优良,标准,标准,279,重射手,高精度的近距离射击
琳琅诗怀雅,特种,5,Swire the Elegant Wit,琳琅スワイヤー,LM22,女,龙门,,炎-龙门,菲林,炎-龙门,,2360,810,457,0,25s,7→9,1,1.0s,近战位,快速复活 爆发,标准寻访,"cost,,atk,,cost`-1,,30,,-1","300,55,0",标准,标准,标准,优良,标准,标准,292,行商,再部署时间减少，撤退时不返还部署费用，在场时每3秒消耗3点部署费用（不足时自动撤退）
琴柳,先锋,5,Saileach,サイラッハ,VC10,女,维多利亚,,维多利亚,瓦伊凡,维多利亚,,1835,546,367,0,70s,10→12,1,1.3s,近战位,费用回复 支援,中坚寻访,"cost,re_deploy,atk,,cost`-1,-4,25,,-1","0,40,40",优良,标准,优良,普通,标准,标准,205,执旗手,技能发动期间阻挡数变为0
瑕光,重装,5,Blemishine,ブレミシャイン,KZ09,女,卡西米尔,,卡西米尔,库兰塔,卡西米尔,,3242,491,581,10,70s,18→20→22,2→3→3,1.2s,近战位,防护 治疗 输出,"公开招募, 中坚寻访","cost,re_deploy,atk,,cost`-1,-4,26,,-1","0,90,20",标准,优良,标准,标准,标准,优良,165,守护者,技能可以治疗友方单位
瑰盐,医疗,4,Rose Salt,ローズソルト,II11,女,伊比利亚,,伊比利亚,斐迪亚,伊比利亚,,1675,330,151,0,80s,17→19,1,2.85s,远程位,治疗 支援,活动获得,"cost,re_deploy,cost,,cost`-1,-10,-1,,-1","200,30,0",普通,标准,标准,标准,标准,普通,354,群愈师,同时恢复三个友方单位的生命
电弧,辅助,5,Raidian,,RE10,女,乌萨斯,,罗德岛-精英干员,黎博利,罗德岛,罗德岛-精英干员,1069,466,143,20,70s,10→12,1,1.6s,远程位,召唤 输出 支援,活动获得,"cost,re_deploy,atk,,cost`-1,-4,24,,-1","300,20,20",普通,标准,标准,优良,优良,优良,379,召唤师,攻击造成法术伤害可以使用召唤物协助作战
白金,狙击,4,Platinum,プラチナ,KZ03,女,卡西米尔,,卡西米尔,库兰塔,卡西米尔,,1550,505,165,0,70s,11→13,1,1.0s,远程位,输出,"公开招募, 中坚寻访","cost,re_deploy,atk,,cost`-1,-4,23,,-1","0,75,0",标准,优良,普通,标准,优良,标准,53,速射手,优先攻击空中单位
白铁,辅助,5,Stainless,ステインレス,VC17,男,维多利亚,,维多利亚,菲林,维多利亚,,2723,593,421,0,70s,15→17→19,2,1.5s,近战位,支援 输出,标准寻访,"cost,re_deploy,atk,,cost`-1,-6,25,,-1","0,40,40",普通,标准,标准,优良,标准,标准,255,工匠,能够阻挡两个敌人，使用<支援装置>协助作战
白雪,狙击,3,ShiraYuki,シラユキ,LM10,女,东国,,东,阿纳缇,东,,1630,797,100,0,70s,23→25→27,1,2.8s,远程位,群攻 减速,"公开招募, 标准寻访, 中坚寻访","cost,re_deploy,atk,re_deploy,cost`-1,-4,30,-6,-1","0,70,0",标准,优良,普通,普通,标准,普通,25,炮手,攻击造成群体物理伤害
白面鸮,医疗,4,Ptilopsis,フィリオプシス,RL04,女,哥伦比亚,,莱茵生命,黎博利,哥伦比亚,莱茵生命,1610,335,150,0,70s,15→17,1,2.85s,远程位,治疗 支援,"公开招募, 中坚寻访","cost,re_deploy,atk,re_deploy,cost`-1,-4,21,-6,-1","0,55,0",普通,普通,普通,标准,优良,优良,45,群愈师,同时恢复三个友方单位的生命
百炼嘉维尔,近卫,5,Gavial the Invincible,百錬ガヴィル,RF22,女,萨尔贡,,罗德岛,阿达克利斯,罗德岛,,2906,766,391,0,70s,20→22→24,2→2→3,1.2s,近战位,爆发 输出 生存,限定寻访,"cost,,atk,,cost`-1,,28,,-1","0,50,60",优良,标准,优良,标准,优良,标准,247,强攻手,同时攻击阻挡的所有敌人
真理,辅助,4,Истина,イースチナ,USS2,女,乌萨斯,乌萨斯学生自治团,乌萨斯学生自治团,乌萨斯,乌萨斯,,1280,518,104,20,70s,13→15,1,1.9s,远程位,减速 输出,"公开招募, 中坚寻访","cost,re_deploy,atk,,cost`-1,-4,23,,-1","0,65,0",普通,普通,普通,优良,优良,优良,69,凝滞师,攻击造成法术伤害，并对敌人造成短暂的停顿
真言,术师,5,Mantra,,RE06,女,萨尔贡,,罗德岛-精英干员,斐迪亚,罗德岛,罗德岛-精英干员,1428,695,130,15,70s,19→21,1,1.6s,远程位,元素 输出 控场,标准寻访,"cost,re_deploy,atk,,cost`-1,-6,31,,-1","180,60,0",标准,标准,卓越,优良,优良,卓越,391,本源术师,攻击造成法术伤害，可以造成元素伤害
石棉,重装,4,Asbestos,アスベストス,RB05,女,雷姆必拓,,雷姆必拓,萨弗拉,雷姆必拓,,3135,633,555,15,70s,21→23→25,3,1.6s,近战位,防护 输出,"公开招募, 中坚寻访","cost,re_deploy,hp,re_deploy,cost`-1,-4,210,-6,-1","0,40,40",标准,优良,优良,标准,标准,标准,138,驭法铁卫,技能开启时普通攻击会造成法术伤害
石英,近卫,3,Quartz,クォーツ,CB18,女,哥伦比亚,,哥伦比亚,鲁珀,哥伦比亚,,5432,1387,0,0,70s,18→20→22,2,2.5s,近战位,输出,凭证交易所(采购),"cost,re_deploy,atk,,cost`-1,-4,35,,-1","300,50,0",标准,普通,标准,优良,标准,标准,256,重剑手,同时攻击阻挡的所有敌人
砾,特种,3,Gravel,グラベル,KZ04,女,卡西米尔,,卡西米尔,札拉克,卡西米尔,,1420,452,335,0,18s,6→8,1,0.93s,近战位,快速复活 防护,"公开招募, 标准寻访, 中坚寻访","cost,hp,re_deploy,,cost`-1,160,-2,,-1","300,0,0",标准,标准,标准,标准,优良,普通,34,处决者,再部署时间大幅度减少
祐天寺若麦,近卫,4,Yūtenji Nyamu,,AM04,女,未知,Ave Mujica,Ave Mujica,未知,,,2482,1190,354,0,80s,19→21,2,1.8s,近战位,群攻 输出 削弱,活动获得,"cost,re_deploy,cost,,cost`-1,-10,-1,,-1","150,40,25",标准,普通,标准,普通,普通,■■,384,撼地者,攻击使目标周围的其他敌人受到相当于攻击力50%的群体物理伤害
稀音,辅助,4,Scene,シーン,R162,女,萨尔贡,,萨尔贡,皮洛萨,萨尔贡,,1105,432,155,20,70s,9→11,1,1.6s,远程位,召唤 支援,"活动获得, 凭证交易所(高级/通用)","cost,re_deploy,res,re_deploy,cost`-1,-4,8,-6,-1","200,0,35",普通,缺陷,标准,普通,普通,优良,148,召唤师,攻击造成法术伤害可以使用召唤物协助作战
空,辅助,4,Sora,ソラ,PL05,女,因经纪公司要求不公开,,企鹅物流,因经纪公司要求不公开,炎-龙门,企鹅物流,1356,335,238,0,70s,5→7,1,1.3s,远程位,支援 治疗,中坚寻访,"cost,re_deploy,hp,re_deploy,cost`-1,-4,140,-6,-1","0,50,20",普通,普通,普通,标准,标准,优良,70,吟游者,不攻击，持续恢复范围内所有友军生命（每秒相当于自身攻击力10%的生命），自身不受鼓舞影响
空弦,狙击,5,Archetto,アルケット,LT08,女,拉特兰,,拉特兰,黎博利,拉特兰,,1705,528,172,0,70s,12→14,1,1.0s,远程位,输出,"公开招募, 中坚寻访","cost,re_deploy,atk,,cost`-1,-4,27,,-1","0,90,0",标准,优良,标准,标准,优良,标准,177,速射手,优先攻击空中单位
空构,特种,4,Spuria,スプリア,LT12,女,拉特兰,,拉特兰,萨科塔,拉特兰,,1893,662,138,10,70s,10→12,1,1.3s,远程位,支援 输出,标准寻访,"cost,re_deploy,atk,re_deploy,cost`-1,-4,24,-6,-1","200,45,0",普通,优良,标准,标准,优良,普通,285,怪杰,自身生命会不断流失
空爆,狙击,2,Catapult,カタパルト,PA63,女,卡西米尔,行动预备组A6,行动预备组A6,库兰塔,罗德岛,,1150,617,85,0,70s,21→23,1,2.8s,远程位,群攻,"公开招募, 标准寻访, 中坚寻访","cost,re_deploy,atk,re_deploy,cost`-1,-4,27,-6,-1","0,55,0",标准,优良,普通,普通,标准,标准,84,炮手,攻击造成群体物理伤害
米格鲁,重装,2,Beagle,ビーグル,PA14,女,玻利瓦尔,行动预备组A1,行动预备组A1,佩洛,罗德岛,,2035,295,490,0,70s,16→18,3,1.2s,近战位,防护,"公开招募, 标准寻访, 中坚寻访, 主线剧情","cost,re_deploy,def,re_deploy,cost`-1,-4,28,-6,-1","0,0,60",优良,普通,优良,普通,标准,标准,13,铁卫,能够阻挡三个敌人
絮雨,医疗,4,Whisperain,ウィスパーレイン,R163,女,伊比利亚,,伊比利亚,阿戈尔,伊比利亚,,1432,492,119,10,70s,18→20,1,2.85s,远程位,治疗,"公开招募, 中坚寻访","cost,re_deploy,atk,,cost`-1,-4,23,,-1","200,40,0",普通,普通,缺陷,标准,标准,普通,167,疗养师,拥有较大治疗范围，但在治疗较远目标时治疗量变为80%
红,特种,4,Projekt Red,レッド,SW01,女,未公开,,S.W.E.E.P.,鲁珀,罗德岛,S.W.E.E.P.,1505,530,302,0,18s,7→9,1,0.93s,近战位,快速复活 控场,"公开招募, 中坚寻访","cost,atk,re_deploy,,cost`-1,20,-2,,-1","0,75,0",标准,卓越,标准,普通,卓越,普通,61,处决者,再部署时间大幅度减少
红云,狙击,3,Vermeil,ヴァーミル,R122,女,不明,,叙拉古,沃尔珀,叙拉古,,1230,485,162,0,70s,10→12,1,1.0s,远程位,输出,"公开招募, 标准寻访, 中坚寻访","cost,re_deploy,atk,re_deploy,cost`-1,-4,24,-6,-1","0,65,0",普通,标准,普通,普通,标准,标准,103,速射手,优先攻击空中单位
红豆,先锋,3,Vigna,ヴィグナ,R105,女,卡兹戴尔,,哥伦比亚,萨卡兹,哥伦比亚,,1845,558,351,0,70s,9→11,1,1.0s,近战位,输出 费用回复,"公开招募, 标准寻访, 中坚寻访","cost,re_deploy,atk,,cost`-1,-4,24,,-1","0,60,0",优良,标准,优良,普通,标准,标准,28,冲锋手,击杀敌人后获得1点部署费用，撤退时返还初始部署费用
红隼,先锋,4,Kestrel,ケストレル,SG12,女,萨尔贡,,萨尔贡,黎博利,萨尔贡,,1960,514,342,0,70s,11→13,2,1.05s,近战位,费用回复 输出,活动获得,"cost,re_deploy,atk,,cost`-1,-4,24,,-1","0,50,20",标准,普通,优良,普通,标准,标准,316,尖兵,能够阻挡两个敌人
纯烬艾雅法拉,医疗,5,Eyjafjalla the Hvít Aska,純燼エイヤフィヤトラ,LN10,女,莱塔尼亚,,莱塔尼亚,卡普里尼,莱塔尼亚,,1439,424,109,10,70s,14→16,1,2.85s,远程位,治疗,限定寻访,"cost,re_deploy,atk,,cost`-1,-4,23,,-1","200,45,0",普通,普通,缺陷,普通,普通,卓越,293,行医,恢复友方单位生命，并回复相当于攻击力50%的元素损伤（可以回复未受伤友方单位的元素损伤）
绮良,特种,4,Kirara,キララ,HK05,女,东国,,东,阿戈尔,东,,1780,798,340,30,70s,18→20,0,3.5s,近战位,输出 生存,中坚寻访,"cost,re_deploy,atk,,cost`-1,-4,30,,-1","200,60,0",普通,普通,标准,优良,普通,普通,196,伏击客,对攻击范围内所有敌人造成伤害拥有50%的物理和法术闪避且不容易成为敌人的攻击目标
维什戴尔,狙击,5,Wiš'adel,ウィシャデル,B00W,女,卡兹戴尔,,巴别塔,萨卡兹,,巴别塔,1888,687,256,15,70s,23→25,1,2.1s,远程位,输出,限定寻访,"cost,re_deploy,atk,,cost`-1,-4,32,,-1","0,90,0",标准,标准,优良,卓越,优良,标准,329,投掷手,攻击对小范围的地面敌人造成两次物理伤害（第二次为余震，伤害降低至攻击力的一半）
维娜·维多利亚,近卫,5,Vina Victoria,ヴィーナ・ヴィクトリア,VC00,女,维多利亚,,维多利亚,阿斯兰,维多利亚,,2895,675,420,15,70s,19→21,1,1.25s,近战位,输出 生存,标准寻访,"cost,,atk,,cost`-1,,28,,-1","0,70,30",优良,优良,优良,卓越,优良,标准,347,术战者,攻击造成法术伤害
维荻,特种,3,Verdant,ヴァーダント,VC25,男,维多利亚,,维多利亚,斐迪亚,维多利亚,,2266,672,259,0,70s,12→14,2,1.2s,近战位,生存 快速复活,"标准寻访, 中坚寻访","cost,re_deploy,hp,,cost`-1,-4,160,,-1","100,60,0",普通,优良,普通,标准,普通,标准,297,傀儡师,受到致命伤时不撤退，切换成<替身>作战（替身阻挡数为0），持续20秒后自身再次替换<替身>
缄默德克萨斯,特种,5,Texas the Omertosa,血掟テキサス,PL07,女,哥伦比亚,,企鹅物流,鲁珀,炎-龙门,企鹅物流,1598,569,320,0,18s,8→10,1,0.93s,近战位,快速复活 输出,限定寻访,"cost,atk,re_deploy,,cost`-1,22,-2,,-1","0,90,0",优良,优良,标准,优良,优良,优良,261,处决者,再部署时间大幅度减少
缠丸,近卫,3,Matoimaru,マトイマル,HK01,女,东国,,东,鬼,东,,3640,916,156,0,70s,15→17,1,1.5s,近战位,生存 输出,"公开招募, 标准寻访, 中坚寻访","cost,re_deploy,hp,,cost`-1,-4,180,,-1","450,0,0",优良,标准,优良,普通,标准,优良,30,无畏者,能够阻挡一个敌人
缪尔赛思,先锋,5,Muelsyse,ミュルジス,RL09,女,未公开,,莱茵生命,精灵,哥伦比亚,莱茵生命,1813,497,117,0,70s,13→15,1,1.0s,远程位,费用回复 控场,限定寻访,"cost,re_deploy,atk,,cost`-1,-4,25,,-1","0,40,40",普通,卓越,普通,优良,优良,缺陷,282,战术家,可以在攻击范围内选择一次战术点来召唤援军，自身攻击援军阻挡的敌人时攻击力提升至150%
罗宾,特种,4,Robin,ロビン,CB08,女,哥伦比亚,,哥伦比亚,阿纳缇,哥伦比亚,,1442,513,166,0,80s,11→13,1,0.85s,远程位,召唤 位移,"活动获得, 记录修复奖励","cost,re_deploy,cost,,cost`-1,-10,-1,,-1","200,40,0",标准,标准,标准,普通,标准,标准,172,陷阱师,可以使用陷阱来协助作战，但陷阱无法放置于敌人已在的格子中
罗小黑,近卫,3,Luo Xiaohei,羅小黒,R161,男,未知,,炎,菲林,炎,,2040,698,325,10,70s,15→17,2,1.3s,近战位,输出,活动获得,`,"0,30,25",优良,优良,标准,标准,优良,■■,250,领主,可以进行远程攻击，但此时攻击力降低至80%
罗比菈塔,辅助,3,Roberta,ロベルタ,CB11,女,哥伦比亚,,哥伦比亚,阿纳缇,哥伦比亚,,2470,535,415,0,70s,13→15→17,2,1.5s,近战位,防护 支援,"标准寻访, 中坚寻访","cost,re_deploy,def,,cost`-1,-4,35,,-1","0,35,35",普通,普通,标准,标准,标准,普通,203,工匠,能够阻挡两个敌人，使用<支援装置>协助作战
羽毛笔,近卫,4,La Pluma,ラ・プルマ,BV13,女,玻利瓦尔,,玻利瓦尔,黎博利,玻利瓦尔,,2250,650,452,0,70s,19→20→22,1→2→2,1.3s,近战位,输出,中坚寻访,"cost,re_deploy,def,re_deploy,cost`-1,-4,25,-6,-1","0,75,0",标准,优良,标准,标准,标准,标准,200,收割者,无法被友方角色治疗，攻击造成群体伤害，每攻击到一个敌人回复自身50生命，最大生效数等于阻挡数
翎羽,先锋,2,Plume,プリュム,LT05,女,拉特兰,,拉特兰,黎博利,拉特兰,,1226,445,279,0,70s,8→10,1,1.0s,近战位,输出 费用回复,"公开招募, 标准寻访, 中坚寻访, 主线剧情","cost,re_deploy,atk,re_deploy,cost`-1,-4,21,-6,-1","0,50,0",标准,优良,普通,普通,标准,普通,10,冲锋手,击杀敌人后获得1点部署费用，撤退时返还初始部署费用
耀骑士临光,近卫,5,Nearl the Radiant Knight,耀騎士ニアール,KZ01,女,卡西米尔,,卡西米尔,库兰塔,卡西米尔,,3550,1064,295,0,70s,17→19,1,1.5s,近战位,输出,限定寻访,"cost,re_deploy,atk,,cost`-1,-4,35,,-1","200,85,0",优良,优良,优良,优良,卓越,优良,214,无畏者,能够阻挡一个敌人
老鲤,特种,5,Lee,リー,LM18,男,炎,鲤氏侦探事务所,鲤氏侦探事务所,龙,炎-龙门,,2427,789,465,0,25s,7→9,1,1.0s,近战位,快速复活 生存 输出,标准寻访,"cost,re_deploy,atk,,cost`-1,-4,30,,-1","300,55,0",标准,标准,标准,优良,标准,优良,222,行商,再部署时间减少，撤退时不返还部署费用，在场时每3秒消耗3点部署费用（不足时自动撤退）
耶拉,术师,4,Kjera,イェラ,JC00,女,谢拉格,,喀兰贸易,未公开,谢拉格,喀兰贸易,1475,294,121,20,80s,21→23,1,1.3s,远程位,输出 控场,"活动获得, 记录修复奖励","cost,re_deploy,cost,,cost`-1,-10,-1,,-1","0,60,0",普通,标准,标准,优良,标准,缺陷,215,驭械术师,操作浮游单元造成法术伤害单元攻击同一敌人伤害提升（最高造成干员110%攻击力的伤害）
聆音,近卫,4,Gracebearer,グレースベアラー,BV27,女,玻利瓦尔,,玻利瓦尔,未公开,玻利瓦尔,,2600,820,350,10,70s,18→20→22,2,1.2s,近战位,爆发 输出,标准寻访,"cost,re_deploy,atk,,cost`-1,-4,30,,-1","0,80,0",标准,标准,标准,标准,优良,标准,370,本源近卫,能够阻挡两个敌人，可以造成元素伤害
能天使,狙击,5,Exusiai,エクシア,PL03,女,拉特兰,,企鹅物流,萨科塔,炎-龙门,企鹅物流,1673,540,161,0,70s,12→14,1,1.0s,远程位,输出,"公开招募, 中坚寻访","cost,,atk,cost,`-1,,27,-1,","0,90,0",标准,优良,标准,优良,优良,标准,73,速射手,优先攻击空中单位
至简,术师,4,Minimalist,ミニマリスト,SG09,男,杜林,,萨尔贡,杜林,萨尔贡,,1400,320,120,20,80s,21→23,1,1.3s,远程位,输出,"活动获得, 记录修复奖励","cost,re_deploy,cost,,cost`-1,-10,-1,,-1","100,40,0",普通,普通,普通,标准,普通,优良,244,驭械术师,操作浮游单元造成法术伤害单元攻击同一敌人伤害提升（最高造成干员110%攻击力的伤害）
艾丝黛尔,近卫,3,Estelle,エステル,IU04,女,未公开,,萨尔贡,阿达克利斯,萨尔贡,,2500,690,315,0,70s,18→20→22,2→2→3,1.2s,近战位,群攻 生存,公开招募,"cost,re_deploy,hp,,cost`-1,-4,200,,-1","350,0,0",优良,普通,标准,普通,普通,标准,32,强攻手,同时攻击阻挡的所有敌人
艾丽妮,近卫,5,Irene,アイリーニ,II07,女,伊比利亚,,伊比利亚,黎博利,伊比利亚,,2935,621,349,0,70s,19→21→23,2,1.3s,近战位,爆发 输出 控场,标准寻访,"cost,re_deploy,atk,,cost`-1,-4,23,,-1","0,80,20",普通,优良,标准,优良,优良,标准,235,剑豪,普通攻击连续造成两次伤害
艾拉,特种,5,Ela,Ela,RS05,女,未知,彩虹小队,彩虹小队,未知,,,1468,588,173,0,70s,10→12,1,0.85s,远程位,召唤 控场 输出,联动寻访,"cost,,atk,,cost`-1,,27,,-1","0,80,0",普通,标准,标准,优良,优良,■■,320,陷阱师,可以使用陷阱来协助作战，但陷阱无法放置于敌人已在的格子中
艾雅法拉,术师,5,Eyjafjalla,エイヤフィヤトラ,LN02,女,莱塔尼亚,,莱塔尼亚,卡普里尼,莱塔尼亚,,1743,645,122,20,70s,19→21,1,1.6s,远程位,输出 削弱,中坚寻访,"cost,,atk,cost,`-1,,27,-1,","0,90,0",普通,普通,普通,普通,普通,卓越,76,中坚术师,攻击造成法术伤害
芙兰卡,近卫,4,Franka,フランカ,BS01,女,哥伦比亚,,黑钢国际,沃尔珀,哥伦比亚,黑钢国际,3768,936,235,0,70s,16→18,1,1.5s,近战位,输出 生存,中坚寻访,"cost,re_deploy,atk,re_deploy,cost`-1,-4,30,-6,-1","0,75,25",优良,标准,标准,优良,优良,优良,48,无畏者,能够阻挡一个敌人
芙蓉,医疗,2,Hibiscus,ハイビスカス,PA13,女,维多利亚,行动预备组A1,行动预备组A1,萨卡兹,罗德岛,,1220,345,110,0,70s,15→17,1,2.85s,远程位,治疗,"公开招募, 标准寻访, 中坚寻访, 主线剧情","cost,re_deploy,atk,re_deploy,cost`-1,-4,18,-6,-1","0,45,0",普通,普通,普通,标准,普通,标准,17,医师,恢复友方单位生命
芬,先锋,2,Fang,フェン,PA11,女,卡西米尔,行动预备组A1,行动预备组A1,库兰塔,罗德岛,,1325,325,260,0,70s,9→11,2,1.05s,近战位,费用回复,"公开招募, 标准寻访, 中坚寻访, 主线剧情","cost,re_deploy,def,re_deploy,cost`-1,-4,20,-6,-1","0,0,50",标准,优良,标准,标准,标准,标准,8,尖兵,能够阻挡两个敌人
芳汀,近卫,3,Arene,アレーン,LT06,男,拉特兰,,拉特兰,萨科塔,拉特兰,,2250,640,340,10,70s,16→18,2,1.3s,近战位,输出,"公开招募, 标准寻访, 中坚寻访","cost,re_deploy,atk,,cost`-1,-4,18,,-1","0,55,0",普通,普通,普通,优良,普通,优良,158,领主,可以进行远程攻击，但此时攻击力降低至80%
苇草,先锋,4,Reed,リード,HT03,女,维多利亚,,维多利亚,德拉克,维多利亚,,2215,562,364,0,70s,10→12,1,1.0s,近战位,费用回复 输出,"公开招募, 中坚寻访","cost,re_deploy,atk,re_deploy,cost`-1,-4,25,-6,-1","0,70,0",优良,优良,标准,优良,优良,卓越,113,冲锋手,击杀敌人后获得1点部署费用，撤退时返还初始部署费用
苍苔,近卫,4,Bryophyta,ブライオファイタ,SS03,男,汐斯塔,,汐斯塔,黎博利,哥伦比亚,汐斯塔,1900,650,421,0,80s,16→18,2,1.05s,近战位,输出 支援,"活动获得, 记录修复奖励","cost,re_deploy,cost,,cost`-1,-10,-1,,-1","0,35,35",普通,普通,标准,普通,普通,标准,290,教官,可以攻击到较远敌人，攻击自身未阻挡的敌人时攻击力提升至120%
苏苏洛,医疗,3,Sussurro,ススーロ,R107,女,叙拉古,,罗德岛,沃尔珀,罗德岛,,1345,488,122,0,70s,16→18,1,2.85s,远程位,治疗,"公开招募, 标准寻访, 中坚寻访","cost,re_deploy,atk,,cost`-1,-4,23,,-1","0,60,0",普通,标准,普通,普通,普通,标准,95,医师,恢复友方单位生命
若叶睦,特种,4,Wakaba Mutsumi,,AM05,女,未知,Ave Mujica,Ave Mujica,未知,,,2211,752,285,0,70s,13→15,2,1.2s,近战位,防护 快速复活,联动寻访,"cost,re_deploy,def,,cost`-1,-4,27,,-1","0,40,40",普通,普通,普通,标准,标准,■■,386,傀儡师,受到致命伤时不撤退，切换成<替身>作战（替身阻挡数为0），持续20秒后自身再次替换<替身>
苦艾,术师,4,Absinthe,アブサント,US11,女,乌萨斯,,乌萨斯,乌萨斯,乌萨斯,,1420,633,124,20,80s,20→22,1,1.6s,远程位,输出,"活动获得, 记录修复奖励","cost,re_deploy,cost,,cost`-1,-10,-1,,-1","0,70,0",标准,普通,标准,普通,标准,优良,141,中坚术师,攻击造成法术伤害
荒芜拉普兰德,术师,5,Lappland the Decadenza,荒蕪ラップランド,SR04,女,叙拉古,,叙拉古,鲁珀,叙拉古,,1503,342,117,20,70s,20→22,1,1.3s,远程位,输出 削弱,限定寻访,"cost,,atk,cost,`-1,,25,-1,","0,60,0",优良,优良,标准,优良,卓越,优良,353,驭械术师,操作浮游单元造成法术伤害单元攻击同一敌人伤害提升（最高造成干员110%攻击力的伤害）
莎草,医疗,4,Papyrus,パピルス,SG19,女,萨尔贡,,萨尔贡,菲林,萨尔贡,,1715,440,160,0,80s,18→20,1,2.85s,远程位,治疗,活动获得,"cost,re_deploy,cost,,cost`-1,-10,-1,,-1","150,60,0",普通,普通,普通,标准,普通,标准,337,链愈师,恢复友方单位生命，且会在3个友方单位间跳跃，每次跳跃治疗量降低25%
莫斯提马,术师,5,Mostima,モスティマ,LT77,女,拉特兰,,拉特兰,未公开,拉特兰,,1831,834,132,20,70s,31→34,1,2.9s,远程位,群攻 支援 控场,"公开招募, 中坚寻访","cost,re_deploy,atk,,cost`-1,-4,34,,-1","0,105,0",标准,标准,标准,标准,优良,卓越,112,扩散术师,攻击造成群体法术伤害
莱伊,狙击,5,Ray,レイ,RB15,女,雷姆必拓,,雷姆必拓,卡特斯,雷姆必拓,,1933,1072,228,0,70s,17→19→21,1,1.6s,远程位,输出,标准寻访,"cost,re_deploy,atk,,cost`-1,-4,37,,-1","0,120,0",标准,优良,优良,普通,标准,标准,311,猎手,攻击时需要消耗子弹且攻击力提升至120%，不攻击时会缓慢地装填子弹（最多8发）
莱恩哈特,术师,4,Leonhardt,レオンハルト,RB03,男,雷姆必拓,,雷姆必拓,卡特斯,雷姆必拓,,1637,773,120,20,70s,30→33,1,2.9s,远程位,群攻 爆发,"公开招募, 中坚寻访","cost,re_deploy,atk,,cost`-1,-4,32,,-1","0,90,0",普通,标准,标准,标准,优良,优良,142,扩散术师,攻击造成群体法术伤害
莱欧斯,近卫,4,Laios,ライオス,DD01,男,北方大陆（自称）,莱欧斯小队,莱欧斯小队,长身人（自称）,,,3868,900,256,0,70s,16→18,1,1.5s,近战位,输出 控场,联动寻访,"cost,re_deploy,atk,re_deploy,cost`-1,-4,32,-6,-1","0,75,25",标准,普通,标准,标准,标准,■■,343,无畏者,能够阻挡一个敌人
菲亚梅塔,狙击,5,Fiammetta,フィアメッタ,LT11,女,拉特兰,,拉特兰,黎博利,拉特兰,,1926,861,156,0,70s,25→27→29,1,2.8s,远程位,输出,标准寻访,"cost,re_deploy,atk,,cost`-1,-4,35,,-1","0,100,0",标准,优良,优良,标准,优良,标准,228,炮手,攻击造成群体物理伤害
菲莱,重装,4,Philae,フィラエ,SG10,女,萨尔贡,,萨尔贡,萨卡兹,萨尔贡,,3227,603,544,10,70s,21→23→25,3,1.6s,近战位,元素 防护,凭证交易所(采购),"cost,re_deploy,atk,,cost`-1,-4,25,,-1","0,40,40",标准,普通,优良,标准,标准,优良,349,本源铁卫,能够阻挡三个敌人，可以造成元素损伤
蒂比,特种,4,Tippi,ティッピ,CB25,女,哥伦比亚,,哥伦比亚,黎博利,哥伦比亚,,2368,745,390,0,70s,15→17,2,1.5s,近战位,高空 生存,标准寻访,"cost,re_deploy,atk,,cost`-1,-4,25,,-1","0,40,40",普通,标准,标准,普通,标准,普通,375,巡空者,起飞后能够阻挡2个飞行敌人
蓝毒,狙击,4,Blue Poison,アズリウス,AA03,女,未公开,,伊比利亚,安努拉,伊比利亚,,1230,535,130,5,70s,11→13,1,1.0s,远程位,输出,"公开招募, 中坚寻访","cost,re_deploy,atk,,cost`-1,-4,24,,-1","0,75,0",普通,标准,普通,普通,优良,普通,52,速射手,优先攻击空中单位
蕾缪安,狙击,5,Lemuen,レミュアン,LT17,女,拉特兰,,拉特兰,萨科塔,拉特兰,,1448,1201,175,0,70s,20→22,1,2.7s,远程位,输出 爆发,标准寻访,"cost,re_deploy,atk,,cost`-1,-4,46,,-1","0,100,0",缺陷,标准,缺陷,卓越,优良,标准,372,神射手,优先攻击攻击范围内防御力最低的敌方单位
薄绿,术师,4,Mint,ミント,VC08,女,维多利亚,,维多利亚,菲林,维多利亚,,1945,732,196,15,80s,23→25,1,2.0s,远程位,群攻 控场,"活动获得, 记录修复奖励","cost,re_deploy,cost,,cost`-1,-10,-1,,-1","0,75,15",普通,普通,普通,标准,普通,优良,159,阵法术师,通常时不攻击且防御力和法术抗性大幅度提升，技能开启时攻击造成群体法术伤害
薇薇安娜,近卫,5,Viviana,ヴィヴィアナ,LN11,女,莱塔尼亚,,莱塔尼亚,埃拉菲亚,莱塔尼亚,,2920,646,447,15,70s,19→21,1,1.25s,近战位,输出 生存,标准寻访,"cost,,atk,,cost`-1,,28,,-1","0,100,0",标准,优良,标准,标准,优良,卓越,305,术战者,攻击造成法术伤害
蚀清,术师,4,Corroserum,コロセラム,CB12,男,哥伦比亚,,哥伦比亚,斐迪亚,哥伦比亚,,1572,760,120,20,70s,30→33,1,2.9s,远程位,群攻 削弱,中坚寻访,"cost,re_deploy,atk,,cost`-1,-4,33,,-1","0,90,0",普通,普通,普通,标准,标准,优良,212,轰击术师,攻击造成超远距离的群体法术伤害
蛇屠箱,重装,3,Cuora,クオーラ,IU05,女,未公开,,哥伦比亚,匹特拉姆,哥伦比亚,,3105,365,690,0,70s,17→19→21,3,1.2s,近战位,防护,"公开招募, 标准寻访, 中坚寻访","cost,re_deploy,def,re_deploy,cost`-1,-4,27,-6,-1","0,0,75",普通,普通,优良,普通,普通,标准,40,铁卫,能够阻挡三个敌人
蜜莓,医疗,4,Honeyberry,ハニーベリー,RB06,女,雷姆必拓,,雷姆必拓,札拉克,雷姆必拓,,1458,375,107,10,70s,13→15,1,2.85s,远程位,治疗,凭证交易所(采购),"cost,re_deploy,atk,,cost`-1,-4,19,,-1","150,35,0",普通,标准,普通,普通,普通,标准,210,行医,恢复友方单位生命，并回复相当于攻击力50%的元素损伤（可以回复未受伤友方单位的元素损伤）
蜜蜡,术师,4,Beeswax,ビーズワクス,R147,女,萨尔贡,,萨尔贡,卡普里尼,萨尔贡,,2005,735,205,15,70s,21→23,1,2.0s,远程位,群攻 防护,"公开招募, 中坚寻访","cost,re_deploy,atk,re_deploy,cost`-1,-4,30,-6,-1","0,70,20",普通,普通,标准,标准,普通,优良,149,阵法术师,通常时不攻击且防御力和法术抗性大幅度提升，技能开启时攻击造成群体法术伤害
行箸,辅助,4,Xingzhu,シィンズゥ,YD18,女,炎,,炎,菲林,炎,,1746,423,181,25,80s,11→12→13,1,1.6s,远程位,支援 生存,活动获得,"cost,re_deploy,cost,,cost`-1,-10,-1,,-1","0,50,50",普通,普通,标准,普通,标准,标准,357,护佑者,攻击造成法术伤害，技能开启后改为治疗友方单位（治疗量相当于75%攻击力）
衡沙,辅助,4,Sand Reckoner,サンドレコナー,SG23,男,萨尔贡,,萨尔贡,黎博利,萨尔贡,,1031,450,160,20,70s,9→11,1,1.6s,远程位,召唤 减速,标准寻访,"cost,re_deploy,res,re_deploy,cost`-1,-4,8,-6,-1","200,35,0",标准,标准,普通,标准,普通,优良,338,召唤师,攻击造成法术伤害可以使用召唤物协助作战
裁度,特种,4,Figurino,フィグリーノ,SR41,男,叙拉古,,叙拉古,鲁珀,叙拉古,,2393,741,391,0,25s,6→8,1,1.0s,近战位,快速复活 控场,标准寻访,"cost,re_deploy,atk,,cost`-1,-3,25,,-1","200,25,20",标准,普通,标准,普通,普通,标准,350,行商,再部署时间减少，撤退时不返还部署费用，在场时每3秒消耗3点部署费用（不足时自动撤退）
褐果,医疗,3,Chestnut,チェストナット,R134,男,未公开,,罗德岛,杜林,罗德岛,,1137,389,101,10,70s,12→14,1,2.85s,远程位,治疗,"标准寻访, 中坚寻访","cost,re_deploy,atk,,cost`-1,-4,15,,-1","100,35,0",普通,标准,标准,标准,普通,标准,229,行医,恢复友方单位生命，并回复相当于攻击力50%的元素损伤（可以回复未受伤友方单位的元素损伤）
见行者,特种,4,Enforcer,エンフォーサー,LT10,男,拉特兰,,拉特兰,萨科塔,拉特兰,,1937,653,381,0,80s,20→22,2,1.2s,近战位,位移 控场,"活动获得, 记录修复奖励","cost,re_deploy,cost,,cost`-1,-10,-1,,-1","350,0,35",标准,优良,标准,标准,优良,标准,226,推击手,同时攻击阻挡的所有敌人可以放置于远程位
角峰,重装,3,Matterhorn,マッターホルン,JC03,男,谢拉格,,喀兰贸易,丰蹄,谢拉格,喀兰贸易,3235,375,670,5,70s,17→19→21,3,1.2s,近战位,防护,"公开招募, 标准寻访, 中坚寻访","cost,re_deploy,hp,re_deploy,cost`-1,-4,250,-6,-1","385,0,0",优良,普通,优良,标准,标准,缺陷,39,铁卫,能够阻挡三个敌人
讯使,先锋,3,Courier,クーリエ,JC04,男,谢拉格,,喀兰贸易,依特拉,谢拉格,喀兰贸易,1985,435,322,0,70s,10→12,2,1.05s,近战位,费用回复 防护,信用交易所,"cost,re_deploy,def,,cost`-1,-4,23,,-1","0,0,60",标准,优良,优良,标准,优良,普通,26,尖兵,能够阻挡两个敌人
诗怀雅,近卫,4,Swire,スワイヤー,LM08,女,龙门,,龙门近卫局,菲林,炎-龙门,龙门近卫局,1914,656,413,0,70s,14→16,2,1.05s,近战位,输出 支援,"公开招募, 中坚寻访","cost,re_deploy,atk,,cost`-1,-4,26,,-1","0,40,30",标准,标准,标准,优良,标准,标准,93,教官,可以攻击到较远敌人，攻击自身未阻挡的敌人时攻击力提升至120%
诺威尔,医疗,4,Nowell,ノウエル,VC29,男,维多利亚,,维多利亚,沃尔珀,维多利亚,,1367,516,108,10,70s,18→20,1,2.85s,远程位,治疗,标准寻访,"cost,re_deploy,atk,,cost`-1,-4,23,,-1","200,40,0",普通,普通,普通,普通,普通,普通,361,疗养师,拥有较大治疗范围，但在治疗较远目标时治疗量变为80%
调香师,医疗,3,Perfumer,パフューマー,MN03,女,米诺斯,,罗德岛,沃尔珀,罗德岛,,1560,320,145,0,70s,14→16,1,2.85s,远程位,治疗,"公开招募, 标准寻访, 中坚寻访","cost,re_deploy,atk,,cost`-1,-4,19,,-1","150,25,0",普通,标准,普通,标准,标准,优良,38,群愈师,同时恢复三个友方单位的生命
谜图,先锋,4,Puzzle,パズル,VC21,男,维多利亚,,维多利亚,瓦伊凡,维多利亚,,1860,566,244,0,35s,10→12,1,1.0s,近战位,费用回复 快速复活,"活动获得, 记录修复奖励","cost,interval,cost,,cost`-1,5,-1,,-1","0,40,20",优良,标准,标准,优良,标准,标准,262,情报官,再部署时间减少，可使用远程攻击
豆苗,先锋,3,Beanstalk,ビーンストーク,CB16,女,哥伦比亚,,哥伦比亚,瑞柏巴,哥伦比亚,,1569,405,125,0,70s,11→13,1,1.0s,远程位,费用回复 召唤,"标准寻访, 中坚寻访, 公开招募","cost,re_deploy,interval,re_deploy,cost`-1,-4,8,-6,-1","0,50,0",普通,标准,普通,优良,普通,普通,175,战术家,可以在攻击范围内选择一次战术点来召唤援军，自身攻击援军阻挡的敌人时攻击力提升至150%
贝娜,特种,4,Bena,ベナ,VC14,女,维多利亚,,维多利亚,卡普里尼,维多利亚,,2435,682,315,0,80s,15→17,2,1.2s,近战位,输出 快速复活,"活动获得, 记录修复奖励","cost,re_deploy,cost,,cost`-1,-10,-1,,-1","100,60,0",普通,普通,普通,普通,普通,优良,195,傀儡师,受到致命伤时不撤退，切换成<替身>作战（替身阻挡数为0），持续20s后自身再次替换<替身>
贾维,先锋,4,Chiave,キアーベ,SR26,男,叙拉古,贾维团伙,贾维团伙,沃尔珀,叙拉古,,1824,522,342,0,70s,11→13,2,1.05s,近战位,费用回复 输出,"公开招募, 中坚寻访","cost,re_deploy,atk,,cost`-1,-4,24,,-1","0,70,0",标准,标准,标准,普通,优良,标准,150,尖兵,能够阻挡两个敌人
赤冬,近卫,4,Akafuyu,アカフユ,HK04,女,东国,,东,阿戈尔,东,,3635,728,328,0,70s,21→23→25,1,1.2s,近战位,生存 输出,"公开招募, 中坚寻访","cost,re_deploy,def,re_deploy,cost`-1,-4,23,-6,-1","0,30,55",优良,优良,标准,标准,优良,普通,190,武者,不成为其他角色的治疗目标，每次攻击到敌人后回复自身70生命
赫德雷,近卫,5,Hoederer,ヘドリー,B216,男,卡兹戴尔,,巴别塔,萨卡兹,,巴别塔,5988,1576,0,0,70s,20→22→24,2,2.5s,近战位,输出,标准寻访,"cost,hp,atk,,cost`-1,250,45,,-1","500,80,0",标准,标准,标准,优良,优良,优良,300,重剑手,同时攻击阻挡的所有敌人
赫拉格,近卫,5,Hellagur,ヘラグ,AZ01,男,乌萨斯,,乌萨斯,黎博利,乌萨斯,,3825,762,334,0,70s,22→24→26,1,1.2s,近战位,输出 生存,"公开招募, 中坚寻访","cost,re_deploy,atk,,cost`-1,-4,26,,-1","400,70,0",优良,优良,标准,优良,卓越,标准,101,武者,不成为其他角色的治疗目标，每次攻击到敌人后回复自身70生命
赫默,医疗,4,Silence,サイレンス,RL01,女,哥伦比亚,,莱茵生命,黎博利,哥伦比亚,莱茵生命,1595,482,142,0,70s,17→19,1,2.85s,远程位,治疗,"公开招募, 中坚寻访","cost,re_deploy,atk,,cost`-1,-4,24,,-1","0,75,0",普通,普通,普通,标准,标准,优良,58,医师,恢复友方单位生命
跃跃,狙击,3,Caper,ケイパー,BV32,女,玻利瓦尔,,玻利瓦尔,卡特斯,玻利瓦尔,,2200,600,160,0,70s,12→14,1,1.0s,远程位,输出,凭证交易所(采购),"cost,re_deploy,atk,,cost`-1,-4,23,,-1","0,65,0",普通,标准,普通,标准,普通,标准,301,回环射手,持有回旋投射物时才能够攻击（投射物需要时间回收）
车尔尼,重装,4,Czerny,ツェルニー,LN06,男,莱塔尼亚,,莱塔尼亚,埃拉菲亚,莱塔尼亚,,3122,625,577,15,80s,23→25→27,3,1.6s,近战位,防护 输出,"活动获得, 记录修复奖励","cost,re_deploy,cost,,cost`-1,-10,-1,,-1","200,40,0",标准,标准,标准,标准,普通,优良,238,驭法铁卫,技能开启时普通攻击会造成法术伤害
达格达,近卫,4,Dagda,ダグザ,GG04,女,维多利亚,,格拉斯哥帮,菲林,维多利亚,格拉斯哥帮,2506,574,310,0,80s,10→12,1,0.78s,近战位,输出 生存,主线剧情,"cost,re_deploy,cost,atk,cost`-1,-10,-1,24,-1","0,40,35",标准,优良,标准,标准,优良,标准,253,斗士,能够阻挡一个敌人
远山,术师,3,Gitano,ギターノ,SI01,女,萨米,,萨米,埃拉菲亚,萨米,,1598,715,118,20,70s,29→32,1,2.9s,远程位,群攻,"公开招募, 标准寻访, 中坚寻访","cost,re_deploy,atk,,cost`-1,-4,27,,-1","0,70,0",普通,普通,普通,标准,标准,优良,22,扩散术师,攻击造成群体法术伤害
远牙,狙击,5,Fartooth,ファートゥース,KZ13,女,卡西米尔,,红松骑士团,黎博利,卡西米尔,红松骑士团,1522,1196,163,0,70s,20→22,1,2.7s,远程位,输出,中坚寻访,"cost,re_deploy,atk,,cost`-1,-4,40,,-1","0,100,0",标准,优良,标准,普通,优良,标准,207,神射手,优先攻击攻击范围内防御力最低的敌方单位
迷迭香,狙击,5,Rosmontis,ロスモンティス,RE45,女,哥伦比亚,,罗德岛-精英干员,菲林,罗德岛,罗德岛-精英干员,1944,688,245,15,70s,23→25,1,2.1s,远程位,输出,限定寻访,"cost,re_deploy,atk,,cost`-1,-4,32,,-1","0,60,30",普通/■■,标准/优良,普通/卓越,标准/——,普通/标准,卓越/——,169,投掷手,攻击对小范围的地面敌人造成两次物理伤害（第二次为余震，伤害降低至攻击力的一半）
送葬人,狙击,4,Executor,イグゼキュター,LT01,男,拉特兰,,拉特兰,萨科塔,拉特兰,,2330,720,185,0,70s,28→31,1,2.3s,远程位,群攻,"公开招募, 中坚寻访","cost,re_deploy,atk,,cost`-1,-4,29,,-1","0,65,0",标准,标准,标准,优良,优良,标准,105,散射手,攻击范围内的所有敌人，对自己前方一横排的敌人攻击力提升至150%
逻各斯,术师,5,Logos,ロゴス,RE03,男,卡兹戴尔,,罗德岛-精英干员,萨卡兹,罗德岛,罗德岛-精英干员,1663,671,119,20,70s,19→21,1,1.6s,远程位,输出,标准寻访,"cost,,atk,,cost`-1,,27,,-1","0,90,0",标准,卓越,标准,优良,卓越,■■,328,中坚术师,攻击造成法术伤害
遥,辅助,5,Haruka,,HK15,女,东国,,东,阿戈尔,东,,1887,480,178,25,70s,11→13,1,1.6s,远程位,支援 生存 治疗,标准寻访,"cost,re_deploy,atk,,cost`-1,-6,25,,-1","350,55,0",标准,普通,普通,普通,缺陷,标准,382,护佑者,攻击造成法术伤害，技能开启后改为治疗友方单位（治疗量相当于75%攻击力）
酒神,辅助,5,Tragodia,トラゴーディア,CT01,男,维多利亚,,维多利亚,菲林,维多利亚,,1200,490,104,15,70s,14→16,1,1.6s,远程位,元素 控场,标准寻访,"cost,,atk,,cost`-1,,23,,-1","300,40,0",标准,卓越,标准,优良,优良,卓越,376,巫役,攻击造成法术伤害，可以造成元素损伤
酸糖,狙击,3,Aciddrop,アシッドドロップ,R139,女,哥伦比亚,,哥伦比亚,黎博利,哥伦比亚,,1576,735,209,0,70s,14→16→18,1,1.6s,远程位,输出,"公开招募, 标准寻访, 中坚寻访","cost,re_deploy,atk,re_deploy,cost`-1,-4,30,-4,-1","0,80,0",标准,优良,标准,普通,标准,标准,154,重射手,高精度的近距离射击
重岳,近卫,5,Chongyue,チョンユエ,NM04,男,炎,,炎-岁,未公开,炎,炎-岁,2635,590,363,0,70s,9→11,1,0.78s,近战位,爆发,限定寻访,"cost,re_deploy,atk,,cost`-1,-4,24,,-1","0,60,30",优良,优良,标准,卓越,■■,缺陷,268,斗士,能够阻挡一个敌人
野鬃,先锋,4,Wild Mane,ワイルドメイン,KZ14,女,卡西米尔,,红松骑士团,库兰塔,卡西米尔,红松骑士团,2225,558,372,0,80s,12→14,1,1.0s,近战位,费用回复 输出,"活动获得, 记录修复奖励","cost,re_deploy,cost,re_deploy,cost`-1,-10,-1,-10,-1","0,70,0",优良,优良,标准,普通,标准,标准,211,冲锋手,击杀敌人后获得1点部署费用，撤退时返还初始部署费用
钼铅,特种,4,Wulfenite,ウルフェナイト,SG27,女,萨尔贡,,萨尔贡,斐迪亚,萨尔贡,,1450,520,160,0,70s,9→11,1,0.85s,远程位,召唤 削弱,标准寻访,"cost,re_deploy,atk,,cost`-1,-4,23,,-1","200,40,0",普通,标准,普通,普通,普通,标准,364,陷阱师,可以使用陷阱来协助作战，但陷阱无法放置于敌人已在的格子中
铃兰,辅助,5,Suzuran,スズラン,R172,女,东国,,叙拉古,沃尔珀,叙拉古,,1480,521,128,25,70s,14→16,1,1.9s,远程位,减速 支援 输出,"公开招募, 中坚寻访","cost,re_deploy,atk,,cost`-1,-4,25,,-1","0,75,0",普通,标准,普通,标准,标准,优良,147,凝滞师,攻击造成法术伤害，并对敌人造成短暂的停顿
铅踝,狙击,3,Totter,トター,SG11,男,萨尔贡,,萨尔贡,黎博利,萨尔贡,,1550,920,105,0,70s,20→22,1,2.4s,远程位,输出,"标准寻访, 中坚寻访","cost,re_deploy,atk,,cost`-1,-4,32,,-1","0,50,40",普通,缺陷,标准,标准,标准,标准,252,攻城手,优先攻击重量最重的敌人
铎铃,近卫,4,Wind Chimes,ウィンドチャイム,YD17,女,炎,,炎,丰蹄,炎,,5669,1438,0,0,70s,19→21→23,2,2.5s,近战位,输出,标准寻访,"cost,re_deploy,atk,,cost`-1,-4,40,,-1","350,70,0",标准,标准,优良,普通,标准,标准,269,重剑手,同时攻击阻挡的所有敌人
银灰,近卫,5,SilverAsh,シルバーアッシュ,JC01,男,谢拉格,,喀兰贸易,菲林,谢拉格,喀兰贸易,2560,713,397,10,70s,18→20,2,1.3s,近战位,输出 支援,"公开招募, 中坚寻访","cost,re_deploy,atk,,cost`-1,-4,26,,-1","0,50,50",标准,标准,标准,卓越,优良,标准,82,领主,可以进行远程攻击，但此时攻击力降低至80%
铸铁,近卫,4,Sideroca,シデロカ,R126,女,米诺斯,,米诺斯,丰蹄,米诺斯,,2845,620,369,15,80s,21→23,1,1.25s,近战位,生存 输出,"活动获得, 记录修复奖励","cost,re_deploy,cost,,cost`-1,-10,-1,,-1","500,0,0",优良,标准,优良,标准,优良,普通,131,术战者,攻击造成法术伤害
锏,近卫,5,Degenbrecher,デーゲンブレヒャー,JC07,女,莱塔尼亚,,喀兰贸易,卡普里尼,谢拉格,喀兰贸易,2891,635,339,0,70s,19→21→23,2,1.3s,近战位,爆发 输出 削弱,标准寻访,"cost,,atk,,cost`-1,,23,,-1","0,50,50",卓越,优良,卓越,优良,卓越,缺陷,309,剑豪,普通攻击连续造成两次伤害
锡人,特种,4,Tin Man,ブリキ,CB30,男,未公开,,哥伦比亚,未公开,哥伦比亚,,1114,469,99,30,70s,13→15→17,1,1.5s,远程位,削弱 支援,活动获得,"cost,,res,,cost`-1,,8,,-1","200,30,0",标准,优良,■■,优良,优良,缺陷,336,炼金师,可以投掷炼金单元协助作战
锡兰,医疗,4,Ceylon,セイロン,SS01,女,汐斯塔（独立城邦）,,汐斯塔,黎博利,哥伦比亚,汐斯塔,1455,468,126,10,80s,20→22,1,2.85s,远程位,治疗,"活动获得, 记录修复奖励","cost,re_deploy,cost,,cost`-1,-10,-1,,-1","200,40,0",普通,普通,普通,标准,标准,优良,96,疗养师,拥有较大治疗范围，但在治疗较远目标时治疗量变为80%
闪击,重装,4,Blitz,Blitz,RS02,男,未知,彩虹小队,彩虹小队,未知,,,3213,445,676,0,70s,18→20→22,3,1.2s,近战位,防护 输出,联动寻访,"cost,re_deploy,atk,,cost`-1,-4,25,,-1","0,45,45",普通,普通,标准,优良,优良,■■,184,哨戒铁卫,能够阻挡三个敌人，可以进行远程攻击
闪灵,医疗,5,Shining,シャイニング,FO01,女,卡兹戴尔,使徒,使徒,萨卡兹,,,1613,530,138,0,70s,18→20,1,2.85s,远程位,治疗 支援,"公开招募, 中坚寻访","cost,,def,cost,`-1,,25,-1,","0,80,20",标准,普通,标准,标准,优良,卓越,78,医师,恢复友方单位生命
阿,特种,5,Aak,ア,LM20,男,龙门,鲤氏侦探事务所,鲤氏侦探事务所,菲林,炎-龙门,,2034,703,152,10,70s,11→13,1,1.3s,远程位,支援 输出,"公开招募, 中坚寻访","cost,re_deploy,hp,,cost`-1,-4,150,,-1","300,50,0",普通,标准,普通,标准,标准,标准,120,怪杰,自身生命会不断流失
阿兰娜,辅助,4,Alanna,アランナ,RB17,女,雷姆必拓,,雷姆必拓,萨弗拉,雷姆必拓,,2560,560,437,0,80s,14→16→18,2,1.5s,近战位,输出 支援,标准寻访,"cost,re_deploy,atk,,cost`-1,-4,25,,-1","0,50,30",标准,普通,标准,普通,标准,普通,367,工匠,能够阻挡两个敌人，使用<支援装置>协助作战
阿斯卡纶,特种,5,Ascalon,アスカロン,SW00,女,卡兹戴尔,,S.W.E.E.P.,萨卡兹,罗德岛,S.W.E.E.P.,1623,954,333,30,70s,19→21,0,3.5s,近战位,减速 输出,标准寻访,"cost,re_deploy,hp,,cost`-1,-4,160,,-1","200,0,40",优良,卓越,标准,标准,卓越,卓越,324,伏击客,对攻击范围内所有敌人造成伤害拥有50%的物理和法术闪避且不容易成为敌人的攻击目标
阿消,特种,3,Shaw,ショウ,LM11,女,龙门,,炎-龙门,札拉克,炎-龙门,,1785,580,365,0,70s,17→19,2,1.2s,近战位,位移,"公开招募, 标准寻访, 中坚寻访, 主线剧情","cost,re_deploy,hp,re_deploy,cost`-1,-4,140,-6,-1","200,35,0",普通,优良,普通,标准,标准,普通,44,推击手,同时攻击阻挡的所有敌人可以放置于远程位
阿米娅,术师,4,Amiya,アーミヤ,R001,女,雷姆必拓,,罗德岛,卡特斯/奇美拉,罗德岛,,1480,612,121,20,70s,18→20,1,1.6s,远程位,输出,主线剧情,"hp,cost,atk,cost,`200,-1,30,-1,","200,70,0",普通,标准,普通,优良,标准,■■,55,中坚术师,攻击造成法术伤害
阿米娅(医疗),医疗,4,Amiya,,R001,女,雷姆必拓,,罗德岛,卡特斯/奇美拉,罗德岛,,1416,532,106,20,70s,15→17,1,1.6s,远程位,治疗 输出,主线剧情,"hp,cost,atk,cost,res`200,-1,22,-1,8","120,45,0",普通,标准,普通,优良,标准,■■,330,咒愈师,攻击造成法术伤害，攻击敌人时为攻击范围内一名友方干员治疗相当于50%伤害的生命值
阿米娅(近卫),近卫,4,Amiya,アーミヤ,R001,女,雷姆必拓,,罗德岛,卡特斯/奇美拉,罗德岛,,2629,657,376,20,70s,19→21,1,1.25s,近战位,输出 支援,主线剧情,"hp,cost,atk,cost,def`200,-1,28,-1,22","0,45,45",普通,标准,普通,优良,标准,■■,170,术战者,攻击造成法术伤害
阿罗玛,术师,4,Aroma,アロマ,SR39,女,叙拉古,,叙拉古,鲁珀,叙拉古,,1591,760,115,20,70s,30→33,1,2.9s,远程位,群攻 控场,标准寻访,"cost,re_deploy,atk,,cost`-1,-4,33,,-1","60,80,0",普通,标准,普通,标准,标准,标准,323,轰击术师,攻击造成超远距离的群体法术伤害
陈,近卫,5,Ch'en,チェン,LM04,女,龙门,,龙门近卫局,龙,炎-龙门,龙门近卫局,2880,610,352,0,70s,19→21→23,2,1.3s,近战位,爆发 输出,"公开招募, 中坚寻访","cost,re_deploy,atk,,cost`-1,-4,23,,-1","0,50,50",优良,标准,优良,优良,卓越,标准,94,剑豪,普通攻击连续造成两次伤害
陨星,狙击,4,Meteorite,メテオリーテ,ST03,女,卡兹戴尔,,罗德岛,萨卡兹,罗德岛,,1505,865,116,0,70s,24→26→28,1,2.8s,远程位,群攻 削弱,"公开招募, 中坚寻访","cost,re_deploy,atk,re_deploy,cost`-1,-4,35,-6,-1","0,85,0",优良,标准,标准,标准,优良,标准,54,炮手,攻击造成群体物理伤害
隐德来希,近卫,5,Entelechia,エンテレケイア,R169,女,卡兹戴尔,,罗德岛,萨卡兹,罗德岛,,2580,700,452,0,70s,20→21→23,1→2→2,1.3s,近战位,输出 生存,标准寻访,"cost,,atk,,cost`-1,,30,,-1","0,50,50",优良,优良,优良,卓越,优良,优良,362,收割者,无法被友方角色治疗，攻击造成群体伤害，每攻击到一个敌人回复自身50生命，最大生效数等于阻挡数
隐现,狙击,4,Insider,インサイダー,LT13,男,拉特兰,,拉特兰,萨科塔,拉特兰,,1440,522,178,0,80s,13→15,1,1.0s,远程位,输出,"活动获得, 记录修复奖励","cost,re_deploy,cost,atk,cost`-1,-10,-1,23,-1","0,75,0",优良,标准,标准,标准,优良,标准,284,速射手,优先攻击空中单位
雪猎,狙击,4,Snow Hunter,,KJ07,女,谢拉格,,谢拉格,乌萨斯,谢拉格,,1710,981,222,0,70s,15→17→19,1,1.6s,远程位,爆发 控场,标准寻访,"cost,re_deploy,atk,,cost`-1,-4,32,,-1","200,70,0",标准,标准,标准,标准,标准,标准,394,猎手,攻击时需要消耗子弹且攻击力提升至120%，不攻击时会缓慢地装填子弹（最多8发）
雪绒,术师,4,Qanipalaat,カニパラート,SI03,男,萨米,,萨米,沃尔珀,萨米,,1500,625,119,20,70s,18→20,1,1.6s,远程位,输出 控场,凭证交易所(采购),"cost,re_deploy,atk,,cost`-1,-4,26,,-1","0,70,0",标准,普通,标准,标准,普通,优良,257,中坚术师,攻击造成法术伤害
雪雉,特种,4,Snowsant,スノーズント,LM16,女,龙门,,炎-龙门,黎博利,炎-龙门,,1835,745,355,0,80s,13→15,2,1.8s,近战位,位移 减速,"活动获得, 记录修复奖励","cost,re_deploy,cost,,cost`-1,-10,-1,,-1","300,0,40",普通,标准,标准,标准,普通,标准,118,钩索师,技能可以使敌人产生位移可以放置于远程位
雷蛇,重装,4,Liskarm,リスカム,BS02,女,瓦伊凡,,黑钢国际,瓦伊凡,哥伦比亚,黑钢国际,3240,425,710,0,70s,18→20→22,3,1.2s,近战位,防护 输出,"公开招募, 中坚寻访","cost,re_deploy,def,,cost`-1,-4,27,,-1","0,45,45",标准,普通,优良,标准,优良,优良,62,哨戒铁卫,能够阻挡三个敌人，可以进行远程攻击
霍尔海雅,术师,5,Ho'olheyak,ホルハイヤ,CB88,女,哥伦比亚,,哥伦比亚,未公开,哥伦比亚,,1770,633,130,20,70s,19→21,1,1.6s,远程位,输出 控场,标准寻访,"cost,re_deploy,atk,,cost`-1,-4,27,,-1","0,90,0",优良,优良,标准,优良,卓越,优良,281,中坚术师,攻击造成法术伤害
霜华,特种,4,Frost,Frost,RS03,女,未知,彩虹小队,彩虹小队,未知,,,1359,529,157,0,70s,9→11,1,0.85s,远程位,召唤 控场,联动寻访,"cost,re_deploy,atk,,cost`-1,-4,23,,-1","200,40,0",普通,标准,普通,优良,优良,■■,185,陷阱师,可以使用陷阱来协助作战，但陷阱无法放置于敌人已在的格子中
霜叶,近卫,3,Frostleaf,フロストリーフ,R123,女,哥伦比亚,,罗德岛,沃尔珀,罗德岛,,2260,660,323,10,70s,16→18,2,1.3s,近战位,减速 输出,"公开招募, 标准寻访, 中坚寻访","cost,re_deploy,interval,re_deploy,cost`-1,-4,8,-6,-1","0,0,55",普通,标准,普通,标准,优良,标准,31,领主,可以进行远程攻击，但此时攻击力降低至80%
露托,重装,3,Lutonada,ルトナダ,BV33,女,玻利瓦尔,,玻利瓦尔,札拉克,玻利瓦尔,,3550,790,495,10,70s,30→32→34,2→3→3,1.6s,近战位,生存 防护,标准寻访,"cost,re_deploy,def,,cost`-1,-4,25,,-1","400,0,50",标准,标准,优良,标准,标准,标准,321,不屈者,无法被友方角色治疗
青枳,先锋,4,Poncirus,ポンシラス,SS04,女,汐斯塔,,汐斯塔,黎博利,哥伦比亚,汐斯塔,2215,455,360,0,70s,11→13,2,1.05s,近战位,费用回复 防护,标准寻访,"cost,re_deploy,def,,cost`-1,-4,24,,-1","0,20,50",标准,普通,普通,普通,普通,标准,291,尖兵,能够阻挡两个敌人
鞭刃,近卫,4,Whislash,ウィスラッシュ,KZ07,女,卡西米尔,,卡西米尔,库兰塔,卡西米尔,,1932,645,420,0,80s,16→18,2,1.05s,近战位,输出 支援,"活动获得, 记录修复奖励","cost,re_deploy,cost,,cost`-1,-10,-1,,-1","0,30,40",标准,标准,标准,优良,优良,标准,163,教官,可以攻击到较远敌人，攻击自身未阻挡的敌人时攻击力提升至120%
风丸,特种,4,Kazemaru,カゼマル,HK09,女,东国,,东,菲林,东,,2372,692,318,0,70s,13→15,2,1.2s,近战位,输出 快速复活,标准寻访,"cost,re_deploy,atk,,cost`-1,-4,27,,-1","0,80,0",标准,标准,标准,普通,优良,标准,227,傀儡师,受到致命伤时不撤退，切换成<替身>作战（替身阻挡数为0），持续20s后自身再次替换<替身>
风笛,先锋,5,Bagpipe,バグパイプ,RV02,女,维多利亚,,维多利亚,瓦伊凡,维多利亚,,2484,586,382,0,70s,11→13,1,1.0s,近战位,费用回复 输出,"公开招募, 中坚寻访","cost,,atk,,cost`-1,,25,,-1","0,85,0",优良,标准,优良,标准,优良,标准,128,冲锋手,击杀敌人后获得1点部署费用，撤退时返还初始部署费用
食铁兽,特种,4,FEater,エフイーター,YD01,女,炎,,炎-龙门,乌萨斯,炎-龙门,,1845,640,382,0,70s,18→20,2,1.2s,近战位,位移 减速,"公开招募, 中坚寻访","cost,re_deploy,interval,,cost`-1,-4,8,,-1","300,45,0",优良,标准,标准,普通,优良,标准,72,推击手,同时攻击阻挡的所有敌人可以放置于远程位
香草,先锋,2,Vanilla,バニラ,BS04,女,瓦伊凡,,黑钢国际,瓦伊凡,哥伦比亚,黑钢国际,1270,355,240,0,70s,9→11,2,1.05s,近战位,费用回复,"公开招募, 标准寻访, 中坚寻访","cost,re_deploy,atk,re_deploy,cost`-1,-4,20,-6,-1","0,50,0",标准,标准,优良,普通,标准,普通,9,尖兵,能够阻挡两个敌人
骋风,近卫,3,Windscoot,ウィンドスクート,YD22,男,炎,,炎,菲林,炎,,3355,290,486,15,70s,8→10,2→2→3,1.2s,近战位,爆发,标准寻访,"cost,re_deploy,atk,,cost`-1,-4,25,,-1","300,30,0",标准,标准,普通,普通,标准,标准,366,解放者,通常不攻击且阻挡数为0，技能未开启时40秒内攻击力逐渐提升至最高+200%且技能结束时重置攻击力
魔王,辅助,5,Civilight Eterna,シヴィライト・エテルナ,DWDB,女,卡兹戴尔,,罗德岛,未公开,罗德岛,,1628,369,236,0,80s,8→10,1,1.3s,远程位,支援 生存 输出,主线剧情,"cost,re_deploy,cost,,cost`-1,-10,-1,,-1","300,30,0",优良,标准,优良,卓越,优良,卓越,327,吟游者,不攻击，持续恢复范围内所有友军生命（每秒相当于自身攻击力10%的生命），自身不受鼓舞影响
鸿雪,狙击,5,Позёмка,パゼオンカ,R145,女,乌萨斯,,罗德岛,鲁珀,罗德岛,,1802,876,193,0,70s,16→18→20,1,1.6s,远程位,输出,标准寻访,"cost,re_deploy,atk,,cost`-1,-4,30,,-1","0,70,30",标准,普通,标准,优良,标准,标准,246,重射手,高精度的近距离射击
麒麟R夜刀,特种,5,Kirin R Yato,キリンRヤトウ,MH02,女,东国,行动组A4,行动组A4,鬼,罗德岛,,1629,565,318,0,18s,8→10,1,0.93s,近战位,快速复活 爆发,联动寻访,"cost,atk,re_deploy,,cost`-1,22,-2,,-1","0,90,0",优良,优良,标准,标准,优良,标准,273,处决者,再部署时间大幅度减少
麦哲伦,辅助,5,Magallan,マゼラン,RL06,女,哥伦比亚,,莱茵生命,黎博利,哥伦比亚,莱茵生命,1103,469,140,20,70s,10→12,1,1.6s,远程位,支援 减速 输出,"公开招募, 中坚寻访","cost,re_deploy,atk,,cost`-1,-4,23,,-1","300,40,0",标准,标准,优良,优良,普通,标准,106,召唤师,攻击造成法术伤害可以使用召唤物协助作战
黍,重装,5,Shu,シュウ,NM05,女,炎,,炎-岁,未公开,炎,炎-岁,3213,479,602,10,70s,18→20→22,2→3→3,1.2s,近战位,防护 治疗 支援,限定寻访,"cost,hp,atk,,cost`-1,200,25,,-1","0,50,60",标准,标准,■■,普通,普通,缺陷,315,守护者,技能可以治疗友方单位
黑,狙击,5,Schwarz,シュヴァルツ,SS02,女,雷姆必拓,,汐斯塔,菲林,哥伦比亚,汐斯塔,1833,840,225,0,70s,16→18→20,1,1.6s,远程位,输出,"公开招募, 中坚寻访","cost,re_deploy,atk,cost,`-1,-4,30,-1,","0,100,0",标准,优良,标准,优良,优良,标准,98,重射手,高精度的近距离射击
黑角,重装,1,Noir Corne,ノイルホーン,A43,男,东国,行动组A4,行动组A4,鬼,罗德岛,,1670,240,315,0,70s,14,3,1.2s,近战位,新手,公开招募,"cost,hp,re_deploy,hp,cost`-1,45,-5,45,-1","0,0,40",标准,普通,优良,普通,普通,标准,4,铁卫,能够阻挡三个敌人
黑键,术师,5,Ebenholz,エーベンホルツ,LN05,男,莱塔尼亚,,莱塔尼亚,卡普里尼,莱塔尼亚,,1678,1400,135,20,70s,23→25,1,3.0s,远程位,输出,标准寻访,"cost,re_deploy,atk,,cost`-1,-4,52,,-1","0,150,0",标准,普通,普通,标准,标准,卓越,240,秘术师,攻击造成法术伤害，在找不到攻击目标时可以将攻击能量储存起来之后一齐发射（最多3个）
齐尔查克,先锋,4,Chilchuck,チルチャック,DD03,男,东方大陆（自称）,莱欧斯小队,莱欧斯小队,半身人（自称）,,,1880,560,277,0,35s,8→10,1,1.0s,近战位,费用回复 快速复活,联动寻访,"cost,re_deploy,interval,,cost`-1,-4,5,,-1","100,0,40",缺陷,标准,普通,标准,缺陷,■■,342,情报官,再部署时间减少，可使用远程攻击
龙舌兰,近卫,4,Tequila,テキーラ,BV12,男,玻利瓦尔,,玻利瓦尔,佩洛,玻利瓦尔,,3757,302,501,15,80s,11→13,2→2→3,1.2s,近战位,爆发,"活动获得, 记录修复奖励","cost,re_deploy,cost,,cost`-1,-10,-1,,-1","230,50,0",标准,标准,普通,优良,标准,普通,199,解放者,通常不攻击且阻挡数为0，技能未开启时40秒内攻击力逐渐提升至最高+200%且技能结束时重置攻击力
霜星,无,0,FrostNova,フロストノヴァ,0000,女,乌萨斯,,罗德岛,卡特斯,罗德岛,,25000,420,250,50,5s,99→99→99,2,3.7s,近战位,,,,,■■,■■,■■,■■,■■,■■,,无,整合运动法术部队干部，以术师身份参与整合运动，少数能在正面战场以压倒性的法术进行攻击的敌方目标。指挥的队伍中有一支名为“雪怪”的特殊术师小队参与一些特别行动。和她名字一样，给人一种冰冷的感觉。
